{
"type": "FeatureCollection",
"name": "Street_lighting_incidents_in_the_last_30_days",
"crs": { "type": "name", "properties": { "name": "urn:ogc:def:crs:OGC:1.3:CRS84" } },
"features": [
{ "type": "Feature", "properties": { "OBJECTID": 1854357095, "ReferenceNumber": "250921-000025", "ProductID": "Street Lighting", "CategoryId": "Hanging lantern or sign", "Date_Created": "2025-09-21T11:57:10Z", "Ward": "Guildhall", "Easting": 461097.99829806999, "Northing": 451469.55037076998 }, "geometry": { "type": "Point", "coordinates": [ -1.070410382201604, 53.95573700096196 ] } },
{ "type": "Feature", "properties": { "OBJECTID": 1854357103, "ReferenceNumber": "250921-000011", "ProductID": "Street Lighting", "CategoryId": "Unlit", "Date_Created": "2025-09-21T09:14:19Z", "Ward": "Guildhall", "Easting": 461029.0879, "Northing": 451726.2358 }, "geometry": { "type": "Point", "coordinates": [ -1.071409245935101, 53.958051802177934 ] } },
{ "type": "Feature", "properties": { "OBJECTID": 1854357146, "ReferenceNumber": "250921-000075", "ProductID": "Street Lighting", "CategoryId": "Unlit", "Date_Created": "2025-09-21T21:26:45Z", "Ward": "Heworth", "Easting": 462474.9882, "Northing": 452059.9959 }, "geometry": { "type": "Point", "coordinates": [ -1.049308620417486, 53.960878927657923 ] } },
{ "type": "Feature", "properties": { "OBJECTID": 1854357148, "ReferenceNumber": "250921-000065", "ProductID": "Street Lighting", "CategoryId": "Unlit", "Date_Created": "2025-09-21T18:35:40Z", "Ward": "Guildhall", "Easting": 460845.9874, "Northing": 452102.9957 }, "geometry": { "type": "Point", "coordinates": [ -1.074124376684981, 53.961459054953998 ] } },
{ "type": "Feature", "properties": { "OBJECTID": 1854357150, "ReferenceNumber": "250921-000078", "ProductID": "Street Lighting", "CategoryId": "Unlit", "Date_Created": "2025-09-21T21:57:53Z", "Ward": "Acomb", "Easting": 457794.8877, "Northing": 452602.5959 }, "geometry": { "type": "Point", "coordinates": [ -1.120526598601179, 53.966297710169691 ] } },
{ "type": "Feature", "properties": { "OBJECTID": 1854357151, "ReferenceNumber": "250921-000081", "ProductID": "Street Lighting", "CategoryId": "Hanging lantern or sign", "Date_Created": "2025-09-21T23:25:47Z", "Ward": "Hull Road", "Easting": 462117.22297106002, "Northing": 451849.43098986999 }, "geometry": { "type": "Point", "coordinates": [ -1.054803351153744, 53.959029702718802 ] } },
{ "type": "Feature", "properties": { "OBJECTID": 1854357155, "ReferenceNumber": "250921-000064", "ProductID": "Street Lighting", "CategoryId": "Unlit", "Date_Created": "2025-09-21T18:33:34Z", "Ward": "Guildhall", "Easting": 460870.79182037001, "Northing": 452119.94641029002 }, "geometry": { "type": "Point", "coordinates": [ -1.073743003743983, 53.961608471009157 ] } },
{ "type": "Feature", "properties": { "OBJECTID": 1854357156, "ReferenceNumber": "250921-000066", "ProductID": "Street Lighting", "CategoryId": "Unlit", "Date_Created": "2025-09-21T18:36:53Z", "Ward": "Guildhall", "Easting": 460579.9873, "Northing": 452264.996 }, "geometry": { "type": "Point", "coordinates": [ -1.078145917273838, 53.962946007329208 ] } },
{ "type": "Feature", "properties": { "OBJECTID": 1854357165, "ReferenceNumber": "250921-000072", "ProductID": "Street Lighting", "CategoryId": "Unlit", "Date_Created": "2025-09-21T20:59:38Z", "Ward": "Heworth", "Easting": 461106.97029448999, "Northing": 453390.00287293998 }, "geometry": { "type": "Point", "coordinates": [ -1.069889890857809, 53.972993928723021 ] } },
{ "type": "Feature", "properties": { "OBJECTID": 1854357169, "ReferenceNumber": "250921-000077", "ProductID": "Street Lighting", "CategoryId": "Unlit", "Date_Created": "2025-09-21T21:44:28Z", "Ward": "Micklegate", "Easting": 460143.9873, "Northing": 450469.997 }, "geometry": { "type": "Point", "coordinates": [ -1.085142871219269, 53.946866027855926 ] } },
{ "type": "Feature", "properties": { "OBJECTID": 1854357175, "ReferenceNumber": "250921-000082", "ProductID": "Street Lighting", "CategoryId": "Hanging lantern or sign", "Date_Created": "2025-09-21T23:26:12Z", "Ward": "Hull Road", "Easting": 462074.9885, "Northing": 451837.9959 }, "geometry": { "type": "Point", "coordinates": [ -1.055449252691173, 53.958931999663598 ] } },
{ "type": "Feature", "properties": { "OBJECTID": 1854357176, "ReferenceNumber": "250921-000076", "ProductID": "Street Lighting", "CategoryId": "Too dim or bright", "Date_Created": "2025-09-21T21:29:18Z", "Ward": "Heworth", "Easting": 462449.9882, "Northing": 452040.9959 }, "geometry": { "type": "Point", "coordinates": [ -1.049693473235118, 53.960711199668573 ] } },
{ "type": "Feature", "properties": { "OBJECTID": 1854357362, "ReferenceNumber": "250922-000343", "ProductID": "Street Lighting", "CategoryId": "Too dim or bright", "Date_Created": "2025-09-22T21:20:23Z", "Ward": "Wheldrake", "Easting": 468438.9874, "Northing": 445014.9971 }, "geometry": { "type": "Point", "coordinates": [ -0.959999414351768, 53.896819191861297 ] } },
{ "type": "Feature", "properties": { "OBJECTID": 1854357450, "ReferenceNumber": "250922-000347", "ProductID": "Street Lighting", "CategoryId": "Unlit", "Date_Created": "2025-09-22T22:16:56Z", "Ward": "Micklegate", "Easting": 460042.7172, "Northing": 451307.4968 }, "geometry": { "type": "Point", "coordinates": [ -1.08652156457512, 53.954403936634428 ] } },
{ "type": "Feature", "properties": { "OBJECTID": 1854357459, "ReferenceNumber": "250922-000332", "ProductID": "Street Lighting", "CategoryId": "Hanging lantern or sign", "Date_Created": "2025-09-22T19:20:47Z", "Ward": "Haxby and Wigginton", "Easting": 461177.9891, "Northing": 458187.9963 }, "geometry": { "type": "Point", "coordinates": [ -1.067845207382425, 54.016101549894287 ] } },
{ "type": "Feature", "properties": { "OBJECTID": 1854357484, "ReferenceNumber": "250923-000003", "ProductID": "Street Lighting", "CategoryId": "Hanging lantern or sign", "Date_Created": "2025-09-23T07:17:33Z", "Ward": "Osbaldwick & Derwent", "Easting": 464661.98120837001, "Northing": 451554.76610577002 }, "geometry": { "type": "Point", "coordinates": [ -1.016088378853901, 53.956070744613768 ] } },
{ "type": "Feature", "properties": { "OBJECTID": 1854357563, "ReferenceNumber": "250923-000084", "ProductID": "Street Lighting", "CategoryId": "Wires exposed", "Date_Created": "2025-09-23T10:26:57Z", "Ward": "Micklegate", "Easting": 459918.3671, "Northing": 451839.3963 }, "geometry": { "type": "Point", "coordinates": [ -1.088312217178942, 53.95919822172867 ] } },
{ "type": "Feature", "properties": { "OBJECTID": 1854357594, "ReferenceNumber": "250923-000103", "ProductID": "Street Lighting", "CategoryId": "Unlit", "Date_Created": "2025-09-23T10:56:30Z", "Ward": "Guildhall", "Easting": 460546.7873, "Northing": 453416.1959 }, "geometry": { "type": "Point", "coordinates": [ -1.078423818532556, 53.973295070006287 ] } },
{ "type": "Feature", "properties": { "OBJECTID": 1854357798, "ReferenceNumber": "250923-000362", "ProductID": "Street Lighting", "CategoryId": "Unlit", "Date_Created": "2025-09-23T19:41:18Z", "Ward": "Rural West", "Easting": 456794.3979, "Northing": 454035.8358 }, "geometry": { "type": "Point", "coordinates": [ -1.135508425547021, 53.979288206217078 ] } },
{ "type": "Feature", "properties": { "OBJECTID": 1854357805, "ReferenceNumber": "250923-000363", "ProductID": "Street Lighting", "CategoryId": "Unlit", "Date_Created": "2025-09-23T19:42:10Z", "Ward": "Rural West", "Easting": 456791.108, "Northing": 454024.8358 }, "geometry": { "type": "Point", "coordinates": [ -1.135560629298866, 53.979189713973476 ] } },
{ "type": "Feature", "properties": { "OBJECTID": 1854357932, "ReferenceNumber": "250924-000217", "ProductID": "Street Lighting", "CategoryId": "Unlit", "Date_Created": "2025-09-24T14:43:31Z", "Ward": "Huntington & New Earswick", "Easting": 462180.89301767998, "Northing": 454798.6487659 }, "geometry": { "type": "Point", "coordinates": [ -1.053232973563188, 53.985524556543652 ] } },
{ "type": "Feature", "properties": { "OBJECTID": 1854357944, "ReferenceNumber": "250924-000221", "ProductID": "Street Lighting", "CategoryId": "Hit or Leaning", "Date_Created": "2025-09-24T14:57:28Z", "Ward": "Micklegate", "Easting": 459739.2772, "Northing": 451902.1064 }, "geometry": { "type": "Point", "coordinates": [ -1.09102902071925, 53.95978242400043 ] } },
{ "type": "Feature", "properties": { "OBJECTID": 1854357963, "ReferenceNumber": "250924-000020", "ProductID": "Street Lighting", "CategoryId": "Unlit", "Date_Created": "2025-09-24T08:19:09Z", "Ward": "Haxby and Wigginton", "Easting": 460300.05205643998, "Northing": 457088.05466667999 }, "geometry": { "type": "Point", "coordinates": [ -1.081459238449493, 54.006320283136802 ] } },
{ "type": "Feature", "properties": { "OBJECTID": 1854357975, "ReferenceNumber": "250924-000034", "ProductID": "Street Lighting", "CategoryId": "Unlit", "Date_Created": "2025-09-24T08:55:56Z", "Ward": "Rural West", "Easting": 452739.9877, "Northing": 451436.9965 }, "geometry": { "type": "Point", "coordinates": [ -1.197769502858981, 53.956361463308468 ] } },
{ "type": "Feature", "properties": { "OBJECTID": 1854358002, "ReferenceNumber": "250924-000018", "ProductID": "Street Lighting", "CategoryId": "Hit or Leaning", "Date_Created": "2025-09-24T08:58:50Z", "Ward": "Westfield", "Easting": 456688.9883, "Northing": 450351.9962 }, "geometry": { "type": "Point", "coordinates": [ -1.137798258472623, 53.946194547321753 ] } },
{ "type": "Feature", "properties": { "OBJECTID": 1854358027, "ReferenceNumber": "250924-000273", "ProductID": "Street Lighting", "CategoryId": "Too dim or bright", "Date_Created": "2025-09-24T16:20:42Z", "Ward": "Huntington and New Earswick", "Easting": 461326.987, "Northing": 454774.9959 }, "geometry": { "type": "Point", "coordinates": [ -1.06625801345614, 53.985413863767249 ] } },
{ "type": "Feature", "properties": { "OBJECTID": 1854358039, "ReferenceNumber": "250924-000040", "ProductID": "Street Lighting", "CategoryId": "Unlit", "Date_Created": "2025-09-24T09:38:56Z", "Ward": "Westfield", "Easting": 456734.64356647001, "Northing": 450310.31801043998 }, "geometry": { "type": "Point", "coordinates": [ -1.137110474556302, 53.945815012688506 ] } },
{ "type": "Feature", "properties": { "OBJECTID": 1854358059, "ReferenceNumber": "250924-000314", "ProductID": "Street Lighting", "CategoryId": "Unlit", "Date_Created": "2025-09-24T19:38:22Z", "Ward": "Rawcliffe and Clifton Without", "Easting": 458452.7566, "Northing": 453828.2767 }, "geometry": { "type": "Point", "coordinates": [ -1.110265513412265, 53.977238615582621 ] } },
{ "type": "Feature", "properties": { "OBJECTID": 1854358081, "ReferenceNumber": "250924-000331", "ProductID": "Street Lighting", "CategoryId": "Flickering", "Date_Created": "2025-09-24T22:08:32Z", "Ward": "Holgate", "Easting": 459407.9874, "Northing": 452103.9964 }, "geometry": { "type": "Point", "coordinates": [ -1.09603824367094, 53.96163476165539 ] } },
{ "type": "Feature", "properties": { "OBJECTID": 1854358106, "ReferenceNumber": "250924-000315", "ProductID": "Street Lighting", "CategoryId": "Unlit", "Date_Created": "2025-09-24T19:50:20Z", "Ward": "Rural West York", "Easting": 457065.06605094997, "Northing": 456259.85607993999 }, "geometry": { "type": "Point", "coordinates": [ -1.130965676062703, 53.99924469862831 ] } },
{ "type": "Feature", "properties": { "OBJECTID": 1854358141, "ReferenceNumber": "250925-000063", "ProductID": "Street Lighting", "CategoryId": "Unlit", "Date_Created": "2025-09-25T10:20:54Z", "Ward": "Micklegate", "Easting": 459989.9871, "Northing": 451921.9964 }, "geometry": { "type": "Point", "coordinates": [ -1.087204650650697, 53.959932228783465 ] } },
{ "type": "Feature", "properties": { "OBJECTID": 1854358201, "ReferenceNumber": "250925-000166", "ProductID": "Street Lighting", "CategoryId": "Hanging lantern or sign", "Date_Created": "2025-09-25T12:58:07Z", "Ward": "Guildhall", "Easting": 460556.9872, "Northing": 452300.9959 }, "geometry": { "type": "Point", "coordinates": [ -1.078489305132347, 53.963272205836574 ] } },
{ "type": "Feature", "properties": { "OBJECTID": 1854358220, "ReferenceNumber": "250925-000188", "ProductID": "Street Lighting", "CategoryId": "Missing parts", "Date_Created": "2025-09-25T13:36:24Z", "Ward": "Strensall", "Easting": 462627.54062560998, "Northing": 460419.19709976 }, "geometry": { "type": "Point", "coordinates": [ -1.045268280849867, 54.035978350751364 ] } },
{ "type": "Feature", "properties": { "OBJECTID": 1854358252, "ReferenceNumber": "250925-000199", "ProductID": "Street Lighting", "CategoryId": "Too dim or bright", "Date_Created": "2025-09-25T14:12:07Z", "Ward": "Micklegate", "Easting": 459952.9874, "Northing": 450706.997 }, "geometry": { "type": "Point", "coordinates": [ -1.088006197683301, 53.949017930762913 ] } },
{ "type": "Feature", "properties": { "OBJECTID": 1854358271, "ReferenceNumber": "250925-000267", "ProductID": "Street Lighting", "CategoryId": "Unlit", "Date_Created": "2025-09-25T15:49:15Z", "Ward": "Heworth", "Easting": 462334.9883, "Northing": 451986.9961 }, "geometry": { "type": "Point", "coordinates": [ -1.051456946415357, 53.960239779429145 ] } },
{ "type": "Feature", "properties": { "OBJECTID": 1854358273, "ReferenceNumber": "250925-000274", "ProductID": "Street Lighting", "CategoryId": "Unlit", "Date_Created": "2025-09-25T16:11:16Z", "Ward": "Guildhall", "Easting": 461173.47645523999, "Northing": 452385.69378645997 }, "geometry": { "type": "Point", "coordinates": [ -1.069077148544615, 53.963960981248476 ] } },
{ "type": "Feature", "properties": { "OBJECTID": 1854358296, "ReferenceNumber": "250925-000268", "ProductID": "Street Lighting", "CategoryId": "Unlit", "Date_Created": "2025-09-25T15:51:06Z", "Ward": "Heworth", "Easting": 461309.9871, "Northing": 452365.9951 }, "geometry": { "type": "Point", "coordinates": [ -1.067000663889358, 53.963767834241139 ] } },
{ "type": "Feature", "properties": { "OBJECTID": 1854358334, "ReferenceNumber": "250925-000341", "ProductID": "Street Lighting", "CategoryId": "Unlit", "Date_Created": "2025-09-25T19:55:49Z", "Ward": "Heworth", "Easting": 460687.9876, "Northing": 453610.9959 }, "geometry": { "type": "Point", "coordinates": [ -1.076232721760375, 53.975029100201084 ] } },
{ "type": "Feature", "properties": { "OBJECTID": 1854358335, "ReferenceNumber": "250925-000343", "ProductID": "Street Lighting", "CategoryId": "Hanging lantern or sign", "Date_Created": "2025-09-25T20:50:34Z", "Ward": "Guildhall", "Easting": 460595.6773, "Northing": 453225.4059 }, "geometry": { "type": "Point", "coordinates": [ -1.077716405817672, 53.971574838441356 ] } },
{ "type": "Feature", "properties": { "OBJECTID": 1854358336, "ReferenceNumber": "250925-000345", "ProductID": "Street Lighting", "CategoryId": "Hanging lantern or sign", "Date_Created": "2025-09-25T20:54:19Z", "Ward": "Guildhall", "Easting": 460597.9873, "Northing": 453230.9959 }, "geometry": { "type": "Point", "coordinates": [ -1.077680085818909, 53.97162480235432 ] } },
{ "type": "Feature", "properties": { "OBJECTID": 1854358337, "ReferenceNumber": "250925-000354", "ProductID": "Street Lighting", "CategoryId": "Unlit", "Date_Created": "2025-09-25T22:20:02Z", "Ward": "Westfield", "Easting": 457655.9879, "Northing": 450857.996 }, "geometry": { "type": "Point", "coordinates": [ -1.122972082706273, 53.95063522234183 ] } },
{ "type": "Feature", "properties": { "OBJECTID": 1854358343, "ReferenceNumber": "250925-000349", "ProductID": "Street Lighting", "CategoryId": "Hanging lantern or sign", "Date_Created": "2025-09-25T21:40:40Z", "Ward": "Heworth", "Easting": 460849.9875, "Northing": 453360.9957 }, "geometry": { "type": "Point", "coordinates": [ -1.073812968000018, 53.972763501779376 ] } },
{ "type": "Feature", "properties": { "OBJECTID": 1854358345, "ReferenceNumber": "250925-000319", "ProductID": "Street Lighting", "CategoryId": "Lit During Daylight Hours", "Date_Created": "2025-09-25T17:34:58Z", "Ward": "Heworth", "Easting": 461224.97834486002, "Northing": 452875.82989674999 }, "geometry": { "type": "Point", "coordinates": [ -1.068194073754322, 53.968359467563026 ] } },
{ "type": "Feature", "properties": { "OBJECTID": 1854358357, "ReferenceNumber": "250925-000344", "ProductID": "Street Lighting", "CategoryId": "Hanging lantern or sign", "Date_Created": "2025-09-25T20:53:01Z", "Ward": "Guildhall", "Easting": 460625.9873, "Northing": 453355.9958 }, "geometry": { "type": "Point", "coordinates": [ -1.07722847638125, 53.972744826973667 ] } },
{ "type": "Feature", "properties": { "OBJECTID": 1854358363, "ReferenceNumber": "250925-000347", "ProductID": "Street Lighting", "CategoryId": "Hanging lantern or sign", "Date_Created": "2025-09-25T21:24:34Z", "Ward": "Heworth", "Easting": 460883.9878, "Northing": 453662.996 }, "geometry": { "type": "Point", "coordinates": [ -1.073234498457781, 53.975473392279063 ] } },
{ "type": "Feature", "properties": { "OBJECTID": 1854358367, "ReferenceNumber": "250925-000352", "ProductID": "Street Lighting", "CategoryId": "Unlit", "Date_Created": "2025-09-25T22:15:58Z", "Ward": "Westfield", "Easting": 457422.91453864001, "Northing": 450776.02819032001 }, "geometry": { "type": "Point", "coordinates": [ -1.126538398722696, 53.949924457673966 ] } },
{ "type": "Feature", "properties": { "OBJECTID": 1854358387, "ReferenceNumber": "250925-000351", "ProductID": "Street Lighting", "CategoryId": "Hanging lantern or sign", "Date_Created": "2025-09-25T21:50:17Z", "Ward": "Guildhall", "Easting": 460903.987, "Northing": 452949.9954 }, "geometry": { "type": "Point", "coordinates": [ -1.07307176297917, 53.969063756150511 ] } },
{ "type": "Feature", "properties": { "OBJECTID": 1854358388, "ReferenceNumber": "250925-000353", "ProductID": "Street Lighting", "CategoryId": "Unlit", "Date_Created": "2025-09-25T22:18:14Z", "Ward": "Westfield", "Easting": 457482.9881, "Northing": 450796.9961 }, "geometry": { "type": "Point", "coordinates": [ -1.125619239325208, 53.950106236034685 ] } },
{ "type": "Feature", "properties": { "OBJECTID": 1854358426, "ReferenceNumber": "250926-000095", "ProductID": "Street Lighting", "CategoryId": "Hanging lantern or sign", "Date_Created": "2025-09-26T10:18:48Z", "Ward": "Guildhall", "Easting": 460922.9867, "Northing": 452728.9952 }, "geometry": { "type": "Point", "coordinates": [ -1.072826229159085, 53.967075532955683 ] } },
{ "type": "Feature", "properties": { "OBJECTID": 1854358430, "ReferenceNumber": "250926-000084", "ProductID": "Street Lighting", "CategoryId": "Unlit", "Date_Created": "2025-09-26T11:39:34Z", "Ward": "Micklegate", "Easting": 460140.05029655999, "Northing": 450093.32625516999 }, "geometry": { "type": "Point", "coordinates": [ -1.085276719336082, 53.943481538022695 ] } },
{ "type": "Feature", "properties": { "OBJECTID": 1854358450, "ReferenceNumber": "250926-000146", "ProductID": "Street Lighting", "CategoryId": "Too dim or bright", "Date_Created": "2025-09-26T12:38:22Z", "Ward": "Haxby and Wigginton", "Easting": 459467.9876, "Northing": 458408.9961 }, "geometry": { "type": "Point", "coordinates": [ -1.093894803896526, 54.018286977824211 ] } },
{ "type": "Feature", "properties": { "OBJECTID": 1854358532, "ReferenceNumber": "250926-000284", "ProductID": "Street Lighting", "CategoryId": "Hanging lantern or sign", "Date_Created": "2025-09-26T16:08:52Z", "Ward": "Osbaldwick and Derwent", "Easting": 465138.9883, "Northing": 451594.997 }, "geometry": { "type": "Point", "coordinates": [ -1.008811650450644, 53.956372654632546 ] } },
{ "type": "Feature", "properties": { "OBJECTID": 1854358545, "ReferenceNumber": "250926-000282", "ProductID": "Street Lighting", "CategoryId": "Hit or Leaning", "Date_Created": "2025-09-26T15:52:45Z", "Ward": "Osbaldwick and Derwent", "Easting": 469518.8877, "Northing": 450965.9562 }, "geometry": { "type": "Point", "coordinates": [ -0.942218872662087, 53.950151831026083 ] } },
{ "type": "Feature", "properties": { "OBJECTID": 1854358572, "ReferenceNumber": "250926-000281", "ProductID": "Street Lighting", "CategoryId": "Missing parts", "Date_Created": "2025-09-26T15:49:31Z", "Ward": "Guildhall", "Easting": 460580.17189320998, "Northing": 451611.86141676002 }, "geometry": { "type": "Point", "coordinates": [ -1.078272407665532, 53.957076609727345 ] } },
{ "type": "Feature", "properties": { "OBJECTID": 1854358573, "ReferenceNumber": "250926-000280", "ProductID": "Street Lighting", "CategoryId": "Unlit", "Date_Created": "2025-09-26T15:55:32Z", "Ward": "Osbaldwick and Derwent", "Easting": 465196.9182, "Northing": 451653.2369 }, "geometry": { "type": "Point", "coordinates": [ -1.007916554647348, 53.956888740657767 ] } },
{ "type": "Feature", "properties": { "OBJECTID": 1854358600, "ReferenceNumber": "250926-000335", "ProductID": "Street Lighting", "CategoryId": "Unlit", "Date_Created": "2025-09-26T21:06:11Z", "Ward": "Haxby and Wigginton", "Easting": 460332.9871, "Northing": 457319.9955 }, "geometry": { "type": "Point", "coordinates": [ -1.080910861578193, 54.008400723633336 ] } },
{ "type": "Feature", "properties": { "OBJECTID": 1854358603, "ReferenceNumber": "250926-000338", "ProductID": "Street Lighting", "CategoryId": "Unlit", "Date_Created": "2025-09-26T22:05:21Z", "Ward": "Rawcliffe and Clifton Without", "Easting": 458193.7277, "Northing": 454966.8067 }, "geometry": { "type": "Point", "coordinates": [ -1.11399718248567, 53.987499166167716 ] } },
{ "type": "Feature", "properties": { "OBJECTID": 1854358608, "ReferenceNumber": "250926-000327", "ProductID": "Street Lighting", "CategoryId": "Hanging lantern or sign", "Date_Created": "2025-09-26T18:04:47Z", "Ward": "Acomb", "Easting": 456742.8769, "Northing": 452205.3863 }, "geometry": { "type": "Point", "coordinates": [ -1.13663383579164, 53.962844332674017 ] } },
{ "type": "Feature", "properties": { "OBJECTID": 1854358624, "ReferenceNumber": "250926-000081", "ProductID": "Street Lighting", "CategoryId": "Hanging lantern or sign", "Date_Created": "2025-09-26T09:51:45Z", "Ward": "Heworth", "Easting": 460853.77263829001, "Northing": 453251.87130961998 }, "geometry": { "type": "Point", "coordinates": [ -1.073777007112851, 53.971782424449337 ] } },
{ "type": "Feature", "properties": { "OBJECTID": 1854358664, "ReferenceNumber": "250926-000052", "ProductID": "Street Lighting", "CategoryId": "Hanging lantern or sign", "Date_Created": "2025-09-26T09:27:03Z", "Ward": "Guildhall", "Easting": 460950.96112543001, "Northing": 452792.95055776997 }, "geometry": { "type": "Point", "coordinates": [ -1.072387107282658, 53.967646972317404 ] } },
{ "type": "Feature", "properties": { "OBJECTID": 1854358672, "ReferenceNumber": "250926-000069", "ProductID": "Street Lighting", "CategoryId": "Hanging lantern or sign", "Date_Created": "2025-09-26T09:47:11Z", "Ward": "Heworth", "Easting": 460844.96446510998, "Northing": 453279.93803095003 }, "geometry": { "type": "Point", "coordinates": [ -1.073905679211326, 53.972035676627137 ] } },
{ "type": "Feature", "properties": { "OBJECTID": 1854358683, "ReferenceNumber": "250927-000001", "ProductID": "Street Lighting", "CategoryId": "Unlit", "Date_Created": "2025-09-27T05:52:24Z", "Ward": "Dringhouses and Woodthorpe", "Easting": 458211.02210176003, "Northing": 448568.01325215999 }, "geometry": { "type": "Point", "coordinates": [ -1.114950484785643, 53.929994161639073 ] } },
{ "type": "Feature", "properties": { "OBJECTID": 1854358747, "ReferenceNumber": "250927-000073", "ProductID": "Street Lighting", "CategoryId": "Hit or Leaning", "Date_Created": "2025-09-27T21:46:26Z", "Ward": "Guildhall", "Easting": 460241.97782987001, "Northing": 452458.98643222998 }, "geometry": { "type": "Point", "coordinates": [ -1.083258902895702, 53.964728674354113 ] } },
{ "type": "Feature", "properties": { "OBJECTID": 1854358754, "ReferenceNumber": "250927-000071", "ProductID": "Street Lighting", "CategoryId": "Unlit", "Date_Created": "2025-09-27T20:24:58Z", "Ward": "Wheldrake", "Easting": 468373.9876, "Northing": 445198.997 }, "geometry": { "type": "Point", "coordinates": [ -0.960947396219429, 53.898481220791602 ] } },
{ "type": "Feature", "properties": { "OBJECTID": 1854358755, "ReferenceNumber": "250927-000052", "ProductID": "Street Lighting", "CategoryId": "Unlit", "Date_Created": "2025-09-27T16:24:28Z", "Ward": "Westfield", "Easting": 457952.9874, "Northing": 450547.9961 }, "geometry": { "type": "Point", "coordinates": [ -1.118505790378919, 53.947816301205002 ] } },
{ "type": "Feature", "properties": { "OBJECTID": 1854358787, "ReferenceNumber": "250928-000033", "ProductID": "Street Lighting", "CategoryId": "Unlit", "Date_Created": "2025-09-28T15:30:50Z", "Ward": "Rural West", "Easting": 456566.9879, "Northing": 453970.9959 }, "geometry": { "type": "Point", "coordinates": [ -1.138987463218288, 53.978730378689406 ] } },
{ "type": "Feature", "properties": { "OBJECTID": 1854358789, "ReferenceNumber": "250928-000043", "ProductID": "Street Lighting", "CategoryId": "Hanging lantern or sign", "Date_Created": "2025-09-28T17:36:54Z", "Ward": "Guildhall", "Easting": 460367.9873, "Northing": 452837.9961 }, "geometry": { "type": "Point", "coordinates": [ -1.081263622016213, 53.968119977174368 ] } },
{ "type": "Feature", "properties": { "OBJECTID": 1854358790, "ReferenceNumber": "250928-000046", "ProductID": "Street Lighting", "CategoryId": "Unlit", "Date_Created": "2025-09-28T18:15:11Z", "Ward": "Heworth", "Easting": 461317.9871, "Northing": 452336.9951 }, "geometry": { "type": "Point", "coordinates": [ -1.066884560677194, 53.963506281232391 ] } },
{ "type": "Feature", "properties": { "OBJECTID": 1854358792, "ReferenceNumber": "250928-000063", "ProductID": "Street Lighting", "CategoryId": "Unlit", "Date_Created": "2025-09-28T23:00:17Z", "Ward": "Westfield", "Easting": 457412.0573, "Northing": 451374.0262 }, "geometry": { "type": "Point", "coordinates": [ -1.126591729725188, 53.955299613387822 ] } },
{ "type": "Feature", "properties": { "OBJECTID": 1854358793, "ReferenceNumber": "250928-000065", "ProductID": "Street Lighting", "CategoryId": "Unlit", "Date_Created": "2025-09-28T23:01:01Z", "Ward": "Westfield", "Easting": 457768.3979, "Northing": 450922.7459 }, "geometry": { "type": "Point", "coordinates": [ -1.121247272359198, 53.951204598717077 ] } },
{ "type": "Feature", "properties": { "OBJECTID": 1854358798, "ReferenceNumber": "250928-000031", "ProductID": "Street Lighting", "CategoryId": "Too dim or bright", "Date_Created": "2025-09-28T15:27:50Z", "Ward": "Rural West", "Easting": 456508.9879, "Northing": 454074.9958 }, "geometry": { "type": "Point", "coordinates": [ -1.139852444690686, 53.979671310911499 ] } },
{ "type": "Feature", "properties": { "OBJECTID": 1854358800, "ReferenceNumber": "250928-000030", "ProductID": "Street Lighting", "CategoryId": "Fallen Down", "Date_Created": "2025-09-28T15:21:59Z", "Ward": "Rural West", "Easting": 456641.528, "Northing": 453854.5959 }, "geometry": { "type": "Point", "coordinates": [ -1.137872666381461, 53.977676198552849 ] } },
{ "type": "Feature", "properties": { "OBJECTID": 1854358802, "ReferenceNumber": "250928-000034", "ProductID": "Street Lighting", "CategoryId": "Unlit", "Date_Created": "2025-09-28T15:32:24Z", "Ward": "Rural West", "Easting": 456589.988, "Northing": 453928.9959 }, "geometry": { "type": "Point", "coordinates": [ -1.138644603345895, 53.978350430866534 ] } },
{ "type": "Feature", "properties": { "OBJECTID": 1854358814, "ReferenceNumber": "250928-000066", "ProductID": "Street Lighting", "CategoryId": "Unlit", "Date_Created": "2025-09-28T23:01:21Z", "Ward": "Westfield", "Easting": 457763.5779, "Northing": 450900.936 }, "geometry": { "type": "Point", "coordinates": [ -1.121324818677354, 53.951009139301959 ] } },
{ "type": "Feature", "properties": { "OBJECTID": 1854358815, "ReferenceNumber": "250928-000068", "ProductID": "Street Lighting", "CategoryId": "Unlit", "Date_Created": "2025-09-28T23:02:00Z", "Ward": "Micklegate", "Easting": 459327.9877, "Northing": 451058.9965 }, "geometry": { "type": "Point", "coordinates": [ -1.097459758470603, 53.95225302335912 ] } },
{ "type": "Feature", "properties": { "OBJECTID": 1854358817, "ReferenceNumber": "250928-000059", "ProductID": "Street Lighting", "CategoryId": "Unlit", "Date_Created": "2025-09-28T22:57:22Z", "Ward": "Holgate", "Easting": 459192.9878, "Northing": 451228.9964 }, "geometry": { "type": "Point", "coordinates": [ -1.099483773751868, 53.953796149381247 ] } },
{ "type": "Feature", "properties": { "OBJECTID": 1854358818, "ReferenceNumber": "250928-000064", "ProductID": "Street Lighting", "CategoryId": "Unlit", "Date_Created": "2025-09-28T23:00:40Z", "Ward": "Westfield", "Easting": 457434.5473, "Northing": 451374.0261 }, "geometry": { "type": "Point", "coordinates": [ -1.126249050719823, 53.955297123107989 ] } },
{ "type": "Feature", "properties": { "OBJECTID": 1854358828, "ReferenceNumber": "250928-000060", "ProductID": "Street Lighting", "CategoryId": "Unlit", "Date_Created": "2025-09-28T22:58:01Z", "Ward": "Holgate", "Easting": 458116.9877, "Northing": 450995.996 }, "geometry": { "type": "Point", "coordinates": [ -1.115922428597487, 53.951823936154604 ] } },
{ "type": "Feature", "properties": { "OBJECTID": 1854358829, "ReferenceNumber": "250928-000061", "ProductID": "Street Lighting", "CategoryId": "Unlit", "Date_Created": "2025-09-28T22:58:36Z", "Ward": "Holgate", "Easting": 458707.9878, "Northing": 451400.9963 }, "geometry": { "type": "Point", "coordinates": [ -1.106840514253725, 53.955396942207024 ] } },
{ "type": "Feature", "properties": { "OBJECTID": 1854358830, "ReferenceNumber": "250928-000062", "ProductID": "Street Lighting", "CategoryId": "Flickering", "Date_Created": "2025-09-28T22:59:11Z", "Ward": "Micklegate", "Easting": 459344.9877, "Northing": 451071.9964 }, "geometry": { "type": "Point", "coordinates": [ -1.097198231597471, 53.952367902575645 ] } },
{ "type": "Feature", "properties": { "OBJECTID": 1854358831, "ReferenceNumber": "250928-000067", "ProductID": "Street Lighting", "CategoryId": "Unlit", "Date_Created": "2025-09-28T23:01:41Z", "Ward": "Westfield", "Easting": 457803.1479, "Northing": 450914.6359 }, "geometry": { "type": "Point", "coordinates": [ -1.120719367339748, 53.951127847649815 ] } },
{ "type": "Feature", "properties": { "OBJECTID": 1854358832, "ReferenceNumber": "250928-000069", "ProductID": "Street Lighting", "CategoryId": "Unlit", "Date_Created": "2025-09-28T23:04:17Z", "Ward": "Acomb", "Easting": 457405.9873, "Northing": 451386.9961 }, "geometry": { "type": "Point", "coordinates": [ -1.126681786904591, 53.955416840034438 ] } },
{ "type": "Feature", "properties": { "OBJECTID": 1854358933, "ReferenceNumber": "250929-000120", "ProductID": "Street Lighting", "CategoryId": "Hit or Leaning", "Date_Created": "2025-09-29T10:30:26Z", "Ward": "Fulford and Heslington", "Easting": 460851.988, "Northing": 449480.9965 }, "geometry": { "type": "Point", "coordinates": [ -1.074553589494015, 53.93789585229181 ] } },
{ "type": "Feature", "properties": { "OBJECTID": 1854359054, "ReferenceNumber": "250929-000302", "ProductID": "Street Lighting", "CategoryId": "Unlit", "Date_Created": "2025-09-29T15:28:22Z", "Ward": "Heworth", "Easting": 461769.988, "Northing": 453961.9965 }, "geometry": { "type": "Point", "coordinates": [ -1.059667624319762, 53.97805538220512 ] } },
{ "type": "Feature", "properties": { "OBJECTID": 1854359081, "ReferenceNumber": "250929-000301", "ProductID": "Street Lighting", "CategoryId": "Unlit", "Date_Created": "2025-09-29T15:26:41Z", "Ward": "Fulford and Heslington", "Easting": 461225.0381, "Northing": 448533.4466 }, "geometry": { "type": "Point", "coordinates": [ -1.06906114528853, 53.929336809183376 ] } },
{ "type": "Feature", "properties": { "OBJECTID": 1854359128, "ReferenceNumber": "250929-000372", "ProductID": "Street Lighting", "CategoryId": "Hanging lantern or sign", "Date_Created": "2025-09-29T18:42:58Z", "Ward": "Huntington and New Earswick", "Easting": 461201.247, "Northing": 454475.2159 }, "geometry": { "type": "Point", "coordinates": [ -1.068235364431536, 53.982734841435672 ] } },
{ "type": "Feature", "properties": { "OBJECTID": 1854359130, "ReferenceNumber": "250929-000386", "ProductID": "Street Lighting", "CategoryId": "Unlit", "Date_Created": "2025-09-29T20:37:00Z", "Ward": "Micklegate", "Easting": 460086.5469, "Northing": 451771.4764 }, "geometry": { "type": "Point", "coordinates": [ -1.085762765558652, 53.95856840415717 ] } },
{ "type": "Feature", "properties": { "OBJECTID": 1854359189, "ReferenceNumber": "250930-000050", "ProductID": "Street Lighting", "CategoryId": "Flickering", "Date_Created": "2025-09-30T09:25:13Z", "Ward": "Hull Road", "Easting": 462860.9876, "Northing": 451372.9962 }, "geometry": { "type": "Point", "coordinates": [ -1.043567556101998, 53.954658656646338 ] } },
{ "type": "Feature", "properties": { "OBJECTID": 1854359383, "ReferenceNumber": "250930-000248", "ProductID": "Street Lighting", "CategoryId": "Unlit", "Date_Created": "2025-09-30T15:14:10Z", "Ward": "Rawcliffe and Clifton Without", "Easting": 458872.4073, "Northing": 454957.5467 }, "geometry": { "type": "Point", "coordinates": [ -1.103650086713993, 53.98733924495189 ] } },
{ "type": "Feature", "properties": { "OBJECTID": 1854359454, "ReferenceNumber": "250930-000366", "ProductID": "Street Lighting", "CategoryId": "Flickering", "Date_Created": "2025-09-30T21:09:11Z", "Ward": "Strensall", "Easting": 463237.9883, "Northing": 460539.9966 }, "geometry": { "type": "Point", "coordinates": [ -1.035924046456531, 54.036989598674488 ] } },
{ "type": "Feature", "properties": { "OBJECTID": 1854359581, "ReferenceNumber": "251001-000196", "ProductID": "Street Lighting", "CategoryId": "Unlit", "Date_Created": "2025-10-01T14:18:42Z", "Ward": "Osbaldwick and Derwent", "Easting": 467684.2275, "Northing": 451426.0462 }, "geometry": { "type": "Point", "coordinates": [ -0.970067367782921, 53.954528817858105 ] } },
{ "type": "Feature", "properties": { "OBJECTID": 1854359607, "ReferenceNumber": "251001-000197", "ProductID": "Street Lighting", "CategoryId": "Unlit", "Date_Created": "2025-10-01T15:03:58Z", "Ward": "Osbaldwick and Derwent", "Easting": 467777.3675, "Northing": 451409.4161 }, "geometry": { "type": "Point", "coordinates": [ -0.968651951841578, 53.954367221763995 ] } },
{ "type": "Feature", "properties": { "OBJECTID": 1854359618, "ReferenceNumber": "251001-000199", "ProductID": "Street Lighting", "CategoryId": "Unlit", "Date_Created": "2025-10-01T15:13:35Z", "Ward": "Haxby and Wigginton", "Easting": 459407.9876, "Northing": 458416.9962 }, "geometry": { "type": "Point", "coordinates": [ -1.094808826795593, 54.018365765201182 ] } },
{ "type": "Feature", "properties": { "OBJECTID": 1854359720, "ReferenceNumber": "251001-000327", "ProductID": "Street Lighting", "CategoryId": "Unlit", "Date_Created": "2025-10-01T21:03:03Z", "Ward": "Dringhouses and Woodthorpe", "Easting": 458624.9873, "Northing": 449475.9965 }, "geometry": { "type": "Point", "coordinates": [ -1.108473227494018, 53.938107235416901 ] } },
{ "type": "Feature", "properties": { "OBJECTID": 1854359724, "ReferenceNumber": "251001-000045", "ProductID": "Street Lighting", "CategoryId": "Unlit", "Date_Created": "2025-10-01T09:59:09Z", "Ward": "Guildhall", "Easting": 460296.987, "Northing": 451706.9963 }, "geometry": { "type": "Point", "coordinates": [ -1.082568740512604, 53.95796453407354 ] } },
{ "type": "Feature", "properties": { "OBJECTID": 1854359732, "ReferenceNumber": "251001-000046", "ProductID": "Street Lighting", "CategoryId": "Unlit", "Date_Created": "2025-10-01T10:10:09Z", "Ward": "Guildhall", "Easting": 460612.9871, "Northing": 452707.9958 }, "geometry": { "type": "Point", "coordinates": [ -1.077555195744125, 53.966923155297891 ] } },
{ "type": "Feature", "properties": { "OBJECTID": 1854359744, "ReferenceNumber": "251001-000319", "ProductID": "Street Lighting", "CategoryId": "Unlit", "Date_Created": "2025-10-01T19:30:08Z", "Ward": "Fishergate", "Easting": 460425.9874, "Northing": 450261.9966 }, "geometry": { "type": "Point", "coordinates": [ -1.080887911251191, 53.944964073884712 ] } },
{ "type": "Feature", "properties": { "OBJECTID": 1854359765, "ReferenceNumber": "251002-000148", "ProductID": "Street Lighting", "CategoryId": "Unlit", "Date_Created": "2025-10-02T12:07:52Z", "Ward": "Guildhall", "Easting": 460599.9873, "Northing": 452019.996 }, "geometry": { "type": "Point", "coordinates": [ -1.077889666054141, 53.960741984258817 ] } },
{ "type": "Feature", "properties": { "OBJECTID": 1854359766, "ReferenceNumber": "251002-000153", "ProductID": "Street Lighting", "CategoryId": "Too dim or bright", "Date_Created": "2025-10-02T12:17:00Z", "Ward": "Haxby and Wigginton", "Easting": 459605.6476, "Northing": 458588.986 }, "geometry": { "type": "Point", "coordinates": [ -1.091758954876706, 54.0198885780609 ] } },
{ "type": "Feature", "properties": { "OBJECTID": 1854359879, "ReferenceNumber": "251002-000232", "ProductID": "Street Lighting", "CategoryId": "Unlit", "Date_Created": "2025-10-02T14:24:47Z", "Ward": "Rural West", "Easting": 457304.9891, "Northing": 456575.9941 }, "geometry": { "type": "Point", "coordinates": [ -1.127246689262785, 54.002059135116767 ] } },
{ "type": "Feature", "properties": { "OBJECTID": 1854359941, "ReferenceNumber": "251002-000269", "ProductID": "Street Lighting", "CategoryId": "Unlit", "Date_Created": "2025-10-02T15:22:22Z", "Ward": "Westfield", "Easting": 456713.9874, "Northing": 451270.9962 }, "geometry": { "type": "Point", "coordinates": [ -1.137247281480063, 53.954450506200843 ] } },
{ "type": "Feature", "properties": { "OBJECTID": 1854359955, "ReferenceNumber": "251002-000343", "ProductID": "Street Lighting", "CategoryId": "Unlit", "Date_Created": "2025-10-02T21:01:18Z", "Ward": "Rawcliffe and Clifton Without", "Easting": 458917.9872, "Northing": 454904.9967 }, "geometry": { "type": "Point", "coordinates": [ -1.102965214343425, 53.986861827068211 ] } },
{ "type": "Feature", "properties": { "OBJECTID": 1854359978, "ReferenceNumber": "251002-000082", "ProductID": "Street Lighting", "CategoryId": "Unlit", "Date_Created": "2025-10-02T10:40:48Z", "Ward": "Osbaldwick and Derwent", "Easting": 466815.8679, "Northing": 452286.1967 }, "geometry": { "type": "Point", "coordinates": [ -0.98311004836775, 53.962370747430505 ] } },
{ "type": "Feature", "properties": { "OBJECTID": 1854360028, "ReferenceNumber": "251002-000344", "ProductID": "Street Lighting", "CategoryId": "Unlit", "Date_Created": "2025-10-02T21:04:25Z", "Ward": "Rawcliffe and Clifton Without", "Easting": 458893.2173, "Northing": 454929.4067 }, "geometry": { "type": "Point", "coordinates": [ -1.103338199811198, 53.987084002014385 ] } },
{ "type": "Feature", "properties": { "OBJECTID": 1854360033, "ReferenceNumber": "251002-000104", "ProductID": "Street Lighting", "CategoryId": "Unlit", "Date_Created": "2025-10-02T11:31:15Z", "Ward": "Rawcliffe and Clifton Without", "Easting": 458117.9873, "Northing": 454484.9964 }, "geometry": { "type": "Point", "coordinates": [ -1.115243932589763, 53.983177899990935 ] } },
{ "type": "Feature", "properties": { "OBJECTID": 1854360106, "ReferenceNumber": "251003-000239", "ProductID": "Street Lighting", "CategoryId": "Hit or Leaning", "Date_Created": "2025-10-03T15:17:53Z", "Ward": "Dringhouses and Woodthorpe", "Easting": 458559.9873, "Northing": 449374.9965 }, "geometry": { "type": "Point", "coordinates": [ -1.109482506195708, 53.937206930103642 ] } },
{ "type": "Feature", "properties": { "OBJECTID": 1854360138, "ReferenceNumber": "251003-000317", "ProductID": "Street Lighting", "CategoryId": "Too dim or bright", "Date_Created": "2025-10-03T22:00:54Z", "Ward": "Rawcliffe and Clifton Without", "Easting": 459005.84776307002, "Northing": 454909.89794270002 }, "geometry": { "type": "Point", "coordinates": [ -1.101624540484773, 53.986895868355901 ] } },
{ "type": "Feature", "properties": { "OBJECTID": 1854360142, "ReferenceNumber": "251003-000312", "ProductID": "Street Lighting", "CategoryId": "Unlit", "Date_Created": "2025-10-03T20:27:37Z", "Ward": "Huntington and New Earswick", "Easting": 461810.9875, "Northing": 454384.9961 }, "geometry": { "type": "Point", "coordinates": [ -1.058956979009151, 53.98185167058152 ] } },
{ "type": "Feature", "properties": { "OBJECTID": 1854360156, "ReferenceNumber": "251003-000316", "ProductID": "Street Lighting", "CategoryId": "Unlit", "Date_Created": "2025-10-03T21:01:54Z", "Ward": "Fulford and Heslington", "Easting": 461139.9886, "Northing": 449213.9967 }, "geometry": { "type": "Point", "coordinates": [ -1.070220448599347, 53.93546261194443 ] } },
{ "type": "Feature", "properties": { "OBJECTID": 1854360164, "ReferenceNumber": "251003-000004", "ProductID": "Street Lighting", "CategoryId": "Fallen Down", "Date_Created": "2025-10-03T07:32:19Z", "Ward": "Hull Road", "Easting": 463912.6376, "Northing": 450886.9474 }, "geometry": { "type": "Point", "coordinates": [ -1.027645589595261, 53.950162366581843 ] } },
{ "type": "Feature", "properties": { "OBJECTID": 1854360292, "ReferenceNumber": "251003-000172", "ProductID": "Street Lighting", "CategoryId": "Too dim or bright", "Date_Created": "2025-10-03T12:46:35Z", "Ward": "Heworth Without", "Easting": 462710.9872, "Northing": 452671.9962 }, "geometry": { "type": "Point", "coordinates": [ -1.04558672740912, 53.966350047269891 ] } },
{ "type": "Feature", "properties": { "OBJECTID": 1854360315, "ReferenceNumber": "251004-000004", "ProductID": "Street Lighting", "CategoryId": "Unlit", "Date_Created": "2025-10-04T07:44:22Z", "Ward": "Huntington and New Earswick", "Easting": 461814.9874, "Northing": 454426.9961 }, "geometry": { "type": "Point", "coordinates": [ -1.058887493313903, 53.982228615450417 ] } },
{ "type": "Feature", "properties": { "OBJECTID": 1854360350, "ReferenceNumber": "251004-000031", "ProductID": "Street Lighting", "CategoryId": "Too dim or bright", "Date_Created": "2025-10-04T13:20:37Z", "Ward": "Micklegate", "Easting": 460185.9936783, "Northing": 451441.00794273999 }, "geometry": { "type": "Point", "coordinates": [ -1.084312293274686, 53.955587127383382 ] } },
{ "type": "Feature", "properties": { "OBJECTID": 1854360378, "ReferenceNumber": "251004-000062", "ProductID": "Street Lighting", "CategoryId": "Flickering", "Date_Created": "2025-10-04T22:46:36Z", "Ward": "Osbaldwick and Derwent", "Easting": 466815.8679, "Northing": 452286.1967 }, "geometry": { "type": "Point", "coordinates": [ -0.98311004836775, 53.962370747430505 ] } },
{ "type": "Feature", "properties": { "OBJECTID": 1854360380, "ReferenceNumber": "251004-000067", "ProductID": "Street Lighting", "CategoryId": "Fallen Down", "Date_Created": "2025-10-04T23:35:56Z", "Ward": "Guildhall", "Easting": 460241.97782987001, "Northing": 452458.98643222998 }, "geometry": { "type": "Point", "coordinates": [ -1.083258902895702, 53.964728674354113 ] } },
{ "type": "Feature", "properties": { "OBJECTID": 1854360382, "ReferenceNumber": "251004-000066", "ProductID": "Street Lighting", "CategoryId": "Hanging lantern or sign", "Date_Created": "2025-10-04T23:34:49Z", "Ward": "Clifton", "Easting": 459738.9865, "Northing": 453781.9963 }, "geometry": { "type": "Point", "coordinates": [ -1.090666068940045, 53.97667606136428 ] } },
{ "type": "Feature", "properties": { "OBJECTID": 1854360409, "ReferenceNumber": "251005-000045", "ProductID": "Street Lighting", "CategoryId": "Unlit", "Date_Created": "2025-10-05T17:01:41Z", "Ward": "Strensall", "Easting": 462913.9882, "Northing": 460465.9967 }, "geometry": { "type": "Point", "coordinates": [ -1.040885673822124, 54.036364135828521 ] } },
{ "type": "Feature", "properties": { "OBJECTID": 1854360424, "ReferenceNumber": "251005-000040", "ProductID": "Street Lighting", "CategoryId": "Lit During Daylight Hours", "Date_Created": "2025-10-05T15:42:00Z", "Ward": "Clifton", "Easting": 459946.36965219001, "Northing": 453182.61400762002 }, "geometry": { "type": "Point", "coordinates": [ -1.087622183578677, 53.971265796628714 ] } },
{ "type": "Feature", "properties": { "OBJECTID": 1854360473, "ReferenceNumber": "251006-000141", "ProductID": "Street Lighting", "CategoryId": "Too dim or bright", "Date_Created": "2025-10-06T11:12:57Z", "Ward": "Clifton", "Easting": 460116.9874, "Northing": 454122.9963 }, "geometry": { "type": "Point", "coordinates": [ -1.084836394472408, 53.979696695667208 ] } },
{ "type": "Feature", "properties": { "OBJECTID": 1854360495, "ReferenceNumber": "251006-000175", "ProductID": "Street Lighting", "CategoryId": "Hanging lantern or sign", "Date_Created": "2025-10-06T11:55:15Z", "Ward": "Guildhall", "Easting": 460564.9873, "Northing": 451743.9961 }, "geometry": { "type": "Point", "coordinates": [ -1.078477664622865, 53.958265806110042 ] } },
{ "type": "Feature", "properties": { "OBJECTID": 1854360520, "ReferenceNumber": "251006-000519", "ProductID": "Street Lighting", "CategoryId": "Hanging lantern or sign", "Date_Created": "2025-10-06T22:14:21Z", "Ward": "Acomb", "Easting": 456955.40294534003, "Northing": 452086.95636110002 }, "geometry": { "type": "Point", "coordinates": [ -1.133417072401574, 53.961756757896957 ] } },
{ "type": "Feature", "properties": { "OBJECTID": 1854360521, "ReferenceNumber": "251006-000523", "ProductID": "Street Lighting", "CategoryId": "Hanging lantern or sign", "Date_Created": "2025-10-06T22:14:24Z", "Ward": "Hull Road", "Easting": 462137.40557900001, "Northing": 451638.00449139002 }, "geometry": { "type": "Point", "coordinates": [ -1.054538720692326, 53.957127323521163 ] } },
{ "type": "Feature", "properties": { "OBJECTID": 1854360522, "ReferenceNumber": "251006-000527", "ProductID": "Street Lighting", "CategoryId": "Hanging lantern or sign", "Date_Created": "2025-10-06T22:14:27Z", "Ward": "Westfield", "Easting": 457076.42751473002, "Northing": 450538.97471525002 }, "geometry": { "type": "Point", "coordinates": [ -1.131861308164266, 53.947832381535619 ] } },
{ "type": "Feature", "properties": { "OBJECTID": 1854360531, "ReferenceNumber": "251006-000197", "ProductID": "Street Lighting", "CategoryId": "Unlit", "Date_Created": "2025-10-06T12:49:45Z", "Ward": "Rawcliffe & Clifton Without", "Easting": 458888.47251723998, "Northing": 454938.94598314998 }, "geometry": { "type": "Point", "coordinates": [ -1.103408708413479, 53.987170265377145 ] } },
{ "type": "Feature", "properties": { "OBJECTID": 1854360540, "ReferenceNumber": "251006-000528", "ProductID": "Street Lighting", "CategoryId": "Hanging lantern or sign", "Date_Created": "2025-10-06T22:14:28Z", "Ward": "Huntington and New Earswick", "Easting": 460851.37351229001, "Northing": 456629.89694598003 }, "geometry": { "type": "Point", "coordinates": [ -1.073140146679975, 54.002138607228147 ] } },
{ "type": "Feature", "properties": { "OBJECTID": 1854360541, "ReferenceNumber": "251006-000530", "ProductID": "Street Lighting", "CategoryId": "Hanging lantern or sign", "Date_Created": "2025-10-06T22:14:29Z", "Ward": "Huntington and New Earswick", "Easting": 460946.37222408003, "Northing": 456053.91118886002 }, "geometry": { "type": "Point", "coordinates": [ -1.071806181522989, 53.99695147508681 ] } },
{ "type": "Feature", "properties": { "OBJECTID": 1854360542, "ReferenceNumber": "251006-000539", "ProductID": "Street Lighting", "CategoryId": "Hanging lantern or sign", "Date_Created": "2025-10-06T22:14:36Z", "Ward": "Huntington and New Earswick", "Easting": 460918.37231002998, "Northing": 456139.90901422 }, "geometry": { "type": "Point", "coordinates": [ -1.072216059567185, 53.997727569825074 ] } },
{ "type": "Feature", "properties": { "OBJECTID": 1854360553, "ReferenceNumber": "251006-000516", "ProductID": "Street Lighting", "CategoryId": "Hanging lantern or sign", "Date_Created": "2025-10-06T22:14:19Z", "Ward": "Heworth", "Easting": 461943.39925914002, "Northing": 452010.99802618998 }, "geometry": { "type": "Point", "coordinates": [ -1.05741939146203, 53.960502394700733 ] } },
{ "type": "Feature", "properties": { "OBJECTID": 1854360554, "ReferenceNumber": "251006-000518", "ProductID": "Street Lighting", "CategoryId": "Hanging lantern or sign", "Date_Created": "2025-10-06T22:14:21Z", "Ward": "Hull Road", "Easting": 462399.40322948998, "Northing": 451907.00313839997 }, "geometry": { "type": "Point", "coordinates": [ -1.050491674094467, 53.9595131878581 ] } },
{ "type": "Feature", "properties": { "OBJECTID": 1854360555, "ReferenceNumber": "251006-000524", "ProductID": "Street Lighting", "CategoryId": "Hanging lantern or sign", "Date_Created": "2025-10-06T22:14:25Z", "Ward": "Guildhall", "Easting": 460890.39229311002, "Northing": 452045.98972805002 }, "geometry": { "type": "Point", "coordinates": [ -1.073459033117439, 53.960941560657417 ] } },
{ "type": "Feature", "properties": { "OBJECTID": 1854360561, "ReferenceNumber": "251006-000515", "ProductID": "Street Lighting", "CategoryId": "Hanging lantern or sign", "Date_Created": "2025-10-06T22:14:19Z", "Ward": "Rawcliffe and Clifton Without", "Easting": 459298.37207191001, "Northing": 453778.96231218003 }, "geometry": { "type": "Point", "coordinates": [ -1.09738376440117, 53.976699400736841 ] } },
{ "type": "Feature", "properties": { "OBJECTID": 1854360568, "ReferenceNumber": "251006-000514", "ProductID": "Street Lighting", "CategoryId": "Hanging lantern or sign", "Date_Created": "2025-10-06T22:14:18Z", "Ward": "Hull Road", "Easting": 461856.41151136003, "Northing": 451314.00527219998 }, "geometry": { "type": "Point", "coordinates": [ -1.058885815241095, 53.954249319088945 ] } },
{ "type": "Feature", "properties": { "OBJECTID": 1854360569, "ReferenceNumber": "251006-000522", "ProductID": "Street Lighting", "CategoryId": "Hanging lantern or sign", "Date_Created": "2025-10-06T22:14:24Z", "Ward": "Hull Road", "Easting": 462127.40511643997, "Northing": 451655.00423661998 }, "geometry": { "type": "Point", "coordinates": [ -1.054687654978768, 53.957281287716057 ] } },
{ "type": "Feature", "properties": { "OBJECTID": 1854360570, "ReferenceNumber": "251006-000526", "ProductID": "Street Lighting", "CategoryId": "Hanging lantern or sign", "Date_Created": "2025-10-06T22:14:27Z", "Ward": "Hull Road", "Easting": 462019.30103516002, "Northing": 451824.38129754999 }, "geometry": { "type": "Point", "coordinates": [ -1.056300592668764, 53.958816316181071 ] } },
{ "type": "Feature", "properties": { "OBJECTID": 1854360571, "ReferenceNumber": "251006-000531", "ProductID": "Street Lighting", "CategoryId": "Hanging lantern or sign", "Date_Created": "2025-10-06T22:14:30Z", "Ward": "Heworth", "Easting": 460706.38293637999, "Northing": 453697.96838620002 }, "geometry": { "type": "Point", "coordinates": [ -1.07593501734675, 53.975808508970118 ] } },
{ "type": "Feature", "properties": { "OBJECTID": 1854360572, "ReferenceNumber": "251006-000525", "ProductID": "Street Lighting", "CategoryId": "Hanging lantern or sign", "Date_Created": "2025-10-06T22:14:26Z", "Ward": "Hull Road", "Easting": 462332.46297604998, "Northing": 451878.82322694 }, "geometry": { "type": "Point", "coordinates": [ -1.051517480360377, 53.959268005709092 ] } },
{ "type": "Feature", "properties": { "OBJECTID": 1854360573, "ReferenceNumber": "251006-000532", "ProductID": "Street Lighting", "CategoryId": "Hanging lantern or sign", "Date_Created": "2025-10-06T22:14:31Z", "Ward": "Huntington and New Earswick", "Easting": 460887.37233354, "Northing": 456308.90477839002 }, "geometry": { "type": "Point", "coordinates": [ -1.072655140685565, 53.999249856986928 ] } },
{ "type": "Feature", "properties": { "OBJECTID": 1854360574, "ReferenceNumber": "251006-000533", "ProductID": "Street Lighting", "CategoryId": "Hanging lantern or sign", "Date_Created": "2025-10-06T22:14:32Z", "Ward": "Guildhall", "Easting": 460122.38827967999, "Northing": 452098.98347962002 }, "geometry": { "type": "Point", "coordinates": [ -1.085152255403749, 53.961507391345968 ] } },
{ "type": "Feature", "properties": { "OBJECTID": 1854360575, "ReferenceNumber": "251006-000536", "ProductID": "Street Lighting", "CategoryId": "Hanging lantern or sign", "Date_Created": "2025-10-06T22:14:34Z", "Ward": "Huntington and New Earswick", "Easting": 460976.37254274997, "Northing": 455794.91778443998 }, "geometry": { "type": "Point", "coordinates": [ -1.071400388475037, 53.994620561118701 ] } },
{ "type": "Feature", "properties": { "OBJECTID": 1854360576, "ReferenceNumber": "251006-000538", "ProductID": "Street Lighting", "CategoryId": "Hanging lantern or sign", "Date_Created": "2025-10-06T22:14:35Z", "Ward": "Heworth", "Easting": 462281.40189374, "Northing": 452000.00084240001 }, "geometry": { "type": "Point", "coordinates": [ -1.052270883379827, 53.96036308307832 ] } },
{ "type": "Feature", "properties": { "OBJECTID": 1854360577, "ReferenceNumber": "251006-000517", "ProductID": "Street Lighting", "CategoryId": "Hanging lantern or sign", "Date_Created": "2025-10-06T22:14:20Z", "Ward": "Hull Road", "Easting": 462113.40611780999, "Northing": 451605.00450447999 }, "geometry": { "type": "Point", "coordinates": [ -1.054911107488278, 53.956833646743092 ] } },
{ "type": "Feature", "properties": { "OBJECTID": 1854360578, "ReferenceNumber": "251006-000520", "ProductID": "Street Lighting", "CategoryId": "Hanging lantern or sign", "Date_Created": "2025-10-06T22:14:22Z", "Ward": "Hull Road", "Easting": 462132.40416625998, "Northing": 451705.00369033997 }, "geometry": { "type": "Point", "coordinates": [ -1.054601335969027, 53.957730004655161 ] } },
{ "type": "Feature", "properties": { "OBJECTID": 1854360579, "ReferenceNumber": "251006-000521", "ProductID": "Street Lighting", "CategoryId": "Hanging lantern or sign", "Date_Created": "2025-10-06T22:14:23Z", "Ward": "Hull Road", "Easting": 462117.40458574001, "Northing": 451679.00381283998 }, "geometry": { "type": "Point", "coordinates": [ -1.054835170497531, 53.957498155667388 ] } },
{ "type": "Feature", "properties": { "OBJECTID": 1854360580, "ReferenceNumber": "251006-000529", "ProductID": "Street Lighting", "CategoryId": "Hanging lantern or sign", "Date_Created": "2025-10-06T22:14:29Z", "Ward": "Huntington and New Earswick", "Easting": 460875.96230691997, "Northing": 456428.37173195003 }, "geometry": { "type": "Point", "coordinates": [ -1.072805325538066, 54.000324758882279 ] } },
{ "type": "Feature", "properties": { "OBJECTID": 1854360587, "ReferenceNumber": "251006-000534", "ProductID": "Street Lighting", "CategoryId": "Hanging lantern or sign", "Date_Created": "2025-10-06T22:14:32Z", "Ward": "Hull Road", "Easting": 462770.41509625001, "Northing": 451287.01290291001 }, "geometry": { "type": "Point", "coordinates": [ -1.044965197577016, 53.953896948208254 ] } },
{ "type": "Feature", "properties": { "OBJECTID": 1854360588, "ReferenceNumber": "251006-000542", "ProductID": "Street Lighting", "CategoryId": "Hanging lantern or sign", "Date_Created": "2025-10-06T22:14:38Z", "Ward": "Huntington and New Earswick", "Easting": 460914.37220436998, "Northing": 456215.90712723002 }, "geometry": { "type": "Point", "coordinates": [ -1.072261891390608, 53.998410978691041 ] } },
{ "type": "Feature", "properties": { "OBJECTID": 1854360589, "ReferenceNumber": "251006-000543", "ProductID": "Street Lighting", "CategoryId": "Hanging lantern or sign", "Date_Created": "2025-10-06T22:14:39Z", "Ward": "Hull Road", "Easting": 461935.40062187001, "Northing": 451813.00071450998 }, "geometry": { "type": "Point", "coordinates": [ -1.057581387825159, 53.958724072016089 ] } },
{ "type": "Feature", "properties": { "OBJECTID": 1854360590, "ReferenceNumber": "251006-000546", "ProductID": "Street Lighting", "CategoryId": "Hanging lantern or sign", "Date_Created": "2025-10-06T22:14:41Z", "Ward": "Hull Road", "Easting": 463727.54892839002, "Northing": 451236.58279217 }, "geometry": { "type": "Point", "coordinates": [ -1.030392592993816, 53.953327060963446 ] } },
{ "type": "Feature", "properties": { "OBJECTID": 1854360591, "ReferenceNumber": "251006-000548", "ProductID": "Street Lighting", "CategoryId": "Hanging lantern or sign", "Date_Created": "2025-10-06T22:30:05Z", "Ward": "Huntington and New Earswick", "Easting": 460927.64644475997, "Northing": 454923.38977050001 }, "geometry": { "type": "Point", "coordinates": [ -1.072317507507447, 53.986794521670795 ] } },
{ "type": "Feature", "properties": { "OBJECTID": 1854360592, "ReferenceNumber": "251006-000541", "ProductID": "Street Lighting", "CategoryId": "Hanging lantern or sign", "Date_Created": "2025-10-06T22:14:38Z", "Ward": "Osbaldwick and Derwent", "Easting": 463734.61802202999, "Northing": 451302.42191805999 }, "geometry": { "type": "Point", "coordinates": [ -1.030271177637608, 53.953917843655631 ] } },
{ "type": "Feature", "properties": { "OBJECTID": 1854360593, "ReferenceNumber": "251006-000544", "ProductID": "Street Lighting", "CategoryId": "Hanging lantern or sign", "Date_Created": "2025-10-06T22:14:40Z", "Ward": "Rawcliffe and Clifton Without", "Easting": 457494.39873751998, "Northing": 454813.14897471003 }, "geometry": { "type": "Point", "coordinates": [ -1.124689962502028, 53.986196408602616 ] } },
{ "type": "Feature", "properties": { "OBJECTID": 1854360594, "ReferenceNumber": "251006-000551", "ProductID": "Street Lighting", "CategoryId": "Hanging lantern or sign", "Date_Created": "2025-10-06T22:30:07Z", "Ward": "Huntington and New Earswick", "Easting": 460921.37574589002, "Northing": 455035.93705393001 }, "geometry": { "type": "Point", "coordinates": [ -1.072390666655632, 53.987806639626562 ] } },
{ "type": "Feature", "properties": { "OBJECTID": 1854360597, "ReferenceNumber": "251006-000552", "ProductID": "Street Lighting", "CategoryId": "Hanging lantern or sign", "Date_Created": "2025-10-06T22:30:08Z", "Ward": "Huntington and New Earswick", "Easting": 460915.37597971997, "Northing": 454994.93809852999 }, "geometry": { "type": "Point", "coordinates": [ -1.072490335437302, 53.987438917737066 ] } },
{ "type": "Feature", "properties": { "OBJECTID": 1854360598, "ReferenceNumber": "251006-000553", "ProductID": "Street Lighting", "CategoryId": "Hanging lantern or sign", "Date_Created": "2025-10-06T22:30:09Z", "Ward": "Huntington and New Earswick", "Easting": 460907.37552234001, "Northing": 455067.93628078001 }, "geometry": { "type": "Point", "coordinates": [ -1.072597768084012, 53.988095840331241 ] } },
{ "type": "Feature", "properties": { "OBJECTID": 1854360599, "ReferenceNumber": "251006-000556", "ProductID": "Street Lighting", "CategoryId": "Hanging lantern or sign", "Date_Created": "2025-10-06T22:30:11Z", "Ward": "Huntington and New Earswick", "Easting": 460879.37413836998, "Northing": 455292.93078723003 }, "geometry": { "type": "Point", "coordinates": [ -1.072979885251629, 53.990120994332564 ] } },
{ "type": "Feature", "properties": { "OBJECTID": 1854360606, "ReferenceNumber": "251006-000535", "ProductID": "Street Lighting", "CategoryId": "Hanging lantern or sign", "Date_Created": "2025-10-06T22:14:33Z", "Ward": "Hull Road", "Easting": 463715.41897537, "Northing": 451224.02288988 }, "geometry": { "type": "Point", "coordinates": [ -1.030580018836015, 53.953215683287759 ] } },
{ "type": "Feature", "properties": { "OBJECTID": 1854360614, "ReferenceNumber": "251006-000262", "ProductID": "Street Lighting", "CategoryId": "Unlit", "Date_Created": "2025-10-06T14:38:13Z", "Ward": "Haxby and Wigginton", "Easting": 461208.9891, "Northing": 458193.9963 }, "geometry": { "type": "Point", "coordinates": [ -1.067370979533779, 54.016151800752517 ] } },
{ "type": "Feature", "properties": { "OBJECTID": 1854360622, "ReferenceNumber": "251006-000537", "ProductID": "Street Lighting", "CategoryId": "Hanging lantern or sign", "Date_Created": "2025-10-06T22:14:35Z", "Ward": "Hull Road", "Easting": 462306.98280255002, "Northing": 451879.74311545002 }, "geometry": { "type": "Point", "coordinates": [ -1.051905568490481, 53.959279334291885 ] } },
{ "type": "Feature", "properties": { "OBJECTID": 1854360623, "ReferenceNumber": "251006-000540", "ProductID": "Street Lighting", "CategoryId": "Hanging lantern or sign", "Date_Created": "2025-10-06T22:14:37Z", "Ward": "Heworth", "Easting": 461696.38658269, "Northing": 453996.96092928998 }, "geometry": { "type": "Point", "coordinates": [ -1.060782629590423, 53.978378355448278 ] } },
{ "type": "Feature", "properties": { "OBJECTID": 1854360624, "ReferenceNumber": "251006-000549", "ProductID": "Street Lighting", "CategoryId": "Hanging lantern or sign", "Date_Created": "2025-10-06T22:30:06Z", "Ward": "Huntington and New Earswick", "Easting": 460888.37374896999, "Northing": 455376.92865452002 }, "geometry": { "type": "Point", "coordinates": [ -1.072825888820971, 53.990874762974748 ] } },
{ "type": "Feature", "properties": { "OBJECTID": 1854360625, "ReferenceNumber": "251006-000550", "ProductID": "Street Lighting", "CategoryId": "Hanging lantern or sign", "Date_Created": "2025-10-06T22:30:06Z", "Ward": "Westfield", "Easting": 457012.42643291998, "Northing": 450580.97377456998 }, "geometry": { "type": "Point", "coordinates": [ -1.13282851542276, 53.948216845705446 ] } },
{ "type": "Feature", "properties": { "OBJECTID": 1854360673, "ReferenceNumber": "251006-000554", "ProductID": "Street Lighting", "CategoryId": "Hanging lantern or sign", "Date_Created": "2025-10-06T22:30:09Z", "Ward": "Huntington and New Earswick", "Easting": 460909.37331086001, "Northing": 455451.92681987002 }, "geometry": { "type": "Point", "coordinates": [ -1.072490681261828, 53.991546244782405 ] } },
{ "type": "Feature", "properties": { "OBJECTID": 1854360676, "ReferenceNumber": "251006-000545", "ProductID": "Street Lighting", "CategoryId": "Hanging lantern or sign", "Date_Created": "2025-10-06T22:14:41Z", "Ward": "Rural West", "Easting": 457458.88924610999, "Northing": 454808.33875697001 }, "geometry": { "type": "Point", "coordinates": [ -1.125232323594102, 53.98615712035901 ] } },
{ "type": "Feature", "properties": { "OBJECTID": 1854360678, "ReferenceNumber": "251006-000555", "ProductID": "Street Lighting", "CategoryId": "Hanging lantern or sign", "Date_Created": "2025-10-06T22:30:10Z", "Ward": "Huntington and New Earswick", "Easting": 460917.37346614001, "Northing": 455426.92742992 }, "geometry": { "type": "Point", "coordinates": [ -1.072373666993171, 53.991320652184136 ] } },
{ "type": "Feature", "properties": { "OBJECTID": 1854360680, "ReferenceNumber": "251006-000558", "ProductID": "Street Lighting", "CategoryId": "Hanging lantern or sign", "Date_Created": "2025-10-06T22:30:12Z", "Ward": "Huntington and New Earswick", "Easting": 460866.37486519001, "Northing": 455165.93400976999 }, "geometry": { "type": "Point", "coordinates": [ -1.073203441125875, 53.988981296147216 ] } },
{ "type": "Feature", "properties": { "OBJECTID": 1854360681, "ReferenceNumber": "251006-000562", "ProductID": "Street Lighting", "CategoryId": "Hanging lantern or sign", "Date_Created": "2025-10-06T22:30:15Z", "Ward": "Huntington and New Earswick", "Easting": 460852.37857558002, "Northing": 454516.94994988001 }, "geometry": { "type": "Point", "coordinates": [ -1.07354622546855, 53.983150993863831 ] } },
{ "type": "Feature", "properties": { "OBJECTID": 1854360682, "ReferenceNumber": "251006-000563", "ProductID": "Street Lighting", "CategoryId": "Hanging lantern or sign", "Date_Created": "2025-10-06T22:30:16Z", "Ward": "Huntington and New Earswick", "Easting": 460850.37891666999, "Northing": 454474.9510154 }, "geometry": { "type": "Point", "coordinates": [ -1.073585084136798, 53.982773814333896 ] } },
{ "type": "Feature", "properties": { "OBJECTID": 1854360683, "ReferenceNumber": "251006-000566", "ProductID": "Street Lighting", "CategoryId": "Hanging lantern or sign", "Date_Created": "2025-10-06T22:30:18Z", "Ward": "Huntington and New Earswick", "Easting": 460830.37945193, "Northing": 454368.95337240997 }, "geometry": { "type": "Point", "coordinates": [ -1.073911128501527, 53.981823638229535 ] } },
{ "type": "Feature", "properties": { "OBJECTID": 1854360689, "ReferenceNumber": "251006-000561", "ProductID": "Street Lighting", "CategoryId": "Hanging lantern or sign", "Date_Created": "2025-10-06T22:30:14Z", "Ward": "Heworth", "Easting": 460756.38198687998, "Northing": 453917.96356089 }, "geometry": { "type": "Point", "coordinates": [ -1.075129053794814, 53.977779592765557 ] } },
{ "type": "Feature", "properties": { "OBJECTID": 1854360690, "ReferenceNumber": "251006-000564", "ProductID": "Street Lighting", "CategoryId": "Hanging lantern or sign", "Date_Created": "2025-10-06T22:30:17Z", "Ward": "Huntington and New Earswick", "Easting": 460844.37906756002, "Northing": 454444.95161289 }, "geometry": { "type": "Point", "coordinates": [ -1.073682540096182, 53.98250493588543 ] } },
{ "type": "Feature", "properties": { "OBJECTID": 1854360691, "ReferenceNumber": "251006-000571", "ProductID": "Street Lighting", "CategoryId": "Hanging lantern or sign", "Date_Created": "2025-10-06T22:30:22Z", "Ward": "Westfield", "Easting": 457044.42670493003, "Northing": 450569.97407658998 }, "geometry": { "type": "Point", "coordinates": [ -1.132343052752383, 53.948114479213253 ] } },
{ "type": "Feature", "properties": { "OBJECTID": 1854360692, "ReferenceNumber": "251006-000574", "ProductID": "Street Lighting", "CategoryId": "Hanging lantern or sign", "Date_Created": "2025-10-06T22:30:24Z", "Ward": "Westfield", "Easting": 457162.43065018998, "Northing": 450417.97686473001 }, "geometry": { "type": "Point", "coordinates": [ -1.130573661391362, 53.946735557367845 ] } },
{ "type": "Feature", "properties": { "OBJECTID": 1854360693, "ReferenceNumber": "251006-000579", "ProductID": "Street Lighting", "CategoryId": "Hanging lantern or sign", "Date_Created": "2025-10-06T22:30:28Z", "Ward": "Huntington and New Earswick", "Easting": 460936.37696672999, "Northing": 454841.94179966999 }, "geometry": { "type": "Point", "coordinates": [ -1.072200635992089, 53.986061580621787 ] } },
{ "type": "Feature", "properties": { "OBJECTID": 1854360694, "ReferenceNumber": "251006-000557", "ProductID": "Street Lighting", "CategoryId": "Hanging lantern or sign", "Date_Created": "2025-10-06T22:30:12Z", "Ward": "Huntington and New Earswick", "Easting": 460883.60448415001, "Northing": 455252.18180203001 }, "geometry": { "type": "Point", "coordinates": [ -1.072923501236647, 53.989754315517573 ] } },
{ "type": "Feature", "properties": { "OBJECTID": 1854360695, "ReferenceNumber": "251006-000565", "ProductID": "Street Lighting", "CategoryId": "Hanging lantern or sign", "Date_Created": "2025-10-06T22:30:18Z", "Ward": "Huntington and New Earswick", "Easting": 460830.37923934998, "Northing": 454404.95255097997 }, "geometry": { "type": "Point", "coordinates": [ -1.073903962344028, 53.982147137837323 ] } },
{ "type": "Feature", "properties": { "OBJECTID": 1854360696, "ReferenceNumber": "251006-000567", "ProductID": "Street Lighting", "CategoryId": "Hanging lantern or sign", "Date_Created": "2025-10-06T22:30:19Z", "Ward": "Huntington and New Earswick", "Easting": 460826.37969794002, "Northing": 454340.95401709998 }, "geometry": { "type": "Point", "coordinates": [ -1.073977688720416, 53.98157249709169 ] } },
{ "type": "Feature", "properties": { "OBJECTID": 1854360697, "ReferenceNumber": "251006-000575", "ProductID": "Street Lighting", "CategoryId": "Hanging lantern or sign", "Date_Created": "2025-10-06T22:30:25Z", "Ward": "Westfield", "Easting": 457177.43147270998, "Northing": 450383.97738905001 }, "geometry": { "type": "Point", "coordinates": [ -1.130351479619041, 53.946428365167058 ] } },
{ "type": "Feature", "properties": { "OBJECTID": 1854360698, "ReferenceNumber": "251006-000577", "ProductID": "Street Lighting", "CategoryId": "Hanging lantern or sign", "Date_Created": "2025-10-06T22:30:27Z", "Ward": "Westfield", "Easting": 457215.43282364, "Northing": 450330.97832380998 }, "geometry": { "type": "Point", "coordinates": [ -1.129782462062314, 53.945947895587331 ] } },
{ "type": "Feature", "properties": { "OBJECTID": 1854360699, "ReferenceNumber": "251006-000568", "ProductID": "Street Lighting", "CategoryId": "Hanging lantern or sign", "Date_Created": "2025-10-06T22:30:20Z", "Ward": "Huntington and New Earswick", "Easting": 460811.37988932, "Northing": 454295.95506284997 }, "geometry": { "type": "Point", "coordinates": [ -1.074215343940154, 53.981169885162004 ] } },
{ "type": "Feature", "properties": { "OBJECTID": 1854360700, "ReferenceNumber": "251006-000572", "ProductID": "Street Lighting", "CategoryId": "Hanging lantern or sign", "Date_Created": "2025-10-06T22:30:23Z", "Ward": "Westfield", "Easting": 457090.42841920001, "Northing": 450504.97523633001 }, "geometry": { "type": "Point", "coordinates": [ -1.131654344193279, 53.94752530176428 ] } },
{ "type": "Feature", "properties": { "OBJECTID": 1854360701, "ReferenceNumber": "251006-000573", "ProductID": "Street Lighting", "CategoryId": "Hanging lantern or sign", "Date_Created": "2025-10-06T22:30:23Z", "Ward": "Westfield", "Easting": 457119.42906267999, "Northing": 450476.97581059003 }, "geometry": { "type": "Point", "coordinates": [ -1.131217755957976, 53.947270491306661 ] } },
{ "type": "Feature", "properties": { "OBJECTID": 1854360702, "ReferenceNumber": "251006-000576", "ProductID": "Street Lighting", "CategoryId": "Hanging lantern or sign", "Date_Created": "2025-10-06T22:30:26Z", "Ward": "Westfield", "Easting": 457201.43207490002, "Northing": 450361.97784521 }, "geometry": { "type": "Point", "coordinates": [ -1.12998996157279, 53.946228018849517 ] } },
{ "type": "Feature", "properties": { "OBJECTID": 1854360703, "ReferenceNumber": "251006-000578", "ProductID": "Street Lighting", "CategoryId": "Hanging lantern or sign", "Date_Created": "2025-10-06T22:30:27Z", "Ward": "Westfield", "Easting": 457239.43340672, "Northing": 450309.97876594 }, "geometry": { "type": "Point", "coordinates": [ -1.129420764077396, 53.945756535036963 ] } },
{ "type": "Feature", "properties": { "OBJECTID": 1854360708, "ReferenceNumber": "251006-000581", "ProductID": "Street Lighting", "CategoryId": "Hanging lantern or sign", "Date_Created": "2025-10-06T22:30:29Z", "Ward": "Huntington and New Earswick", "Easting": 460927.37766622001, "Northing": 454721.94473772001 }, "geometry": { "type": "Point", "coordinates": [ -1.072361803940169, 53.98498431361444 ] } },
{ "type": "Feature", "properties": { "OBJECTID": 1854360709, "ReferenceNumber": "251006-000584", "ProductID": "Street Lighting", "CategoryId": "Hanging lantern or sign", "Date_Created": "2025-10-06T22:30:32Z", "Ward": "Rawcliffe and Clifton Without", "Easting": 460788.38092160999, "Northing": 454115.95917312999 }, "geometry": { "type": "Point", "coordinates": [ -1.074601821198464, 53.979555087546252 ] } },
{ "type": "Feature", "properties": { "OBJECTID": 1854360710, "ReferenceNumber": "251006-000589", "ProductID": "Street Lighting", "CategoryId": "Hanging lantern or sign", "Date_Created": "2025-10-06T22:30:36Z", "Ward": "Heworth", "Easting": 460744.38230586, "Northing": 453849.96499176999 }, "geometry": { "type": "Point", "coordinates": [ -1.075325513279452, 53.977169943563936 ] } },
{ "type": "Feature", "properties": { "OBJECTID": 1854360711, "ReferenceNumber": "251006-000592", "ProductID": "Street Lighting", "CategoryId": "Hanging lantern or sign", "Date_Created": "2025-10-06T22:30:38Z", "Ward": "Huntington and New Earswick", "Easting": 460902.37303769001, "Northing": 455581.92348411999 }, "geometry": { "type": "Point", "coordinates": [ -1.07257148950968, 53.992715252672191 ] } },
{ "type": "Feature", "properties": { "OBJECTID": 1854360712, "ReferenceNumber": "251006-000593", "ProductID": "Street Lighting", "CategoryId": "Hanging lantern or sign", "Date_Created": "2025-10-06T22:30:38Z", "Ward": "Huntington and New Earswick", "Easting": 460916.37301182002, "Northing": 455528.92477391002 }, "geometry": { "type": "Point", "coordinates": [ -1.072368564407751, 53.992237345067565 ] } },
{ "type": "Feature", "properties": { "OBJECTID": 1854360713, "ReferenceNumber": "251006-000585", "ProductID": "Street Lighting", "CategoryId": "Hanging lantern or sign", "Date_Created": "2025-10-06T22:30:32Z", "Ward": "Heworth", "Easting": 460764.38153615, "Northing": 453986.96210300998 }, "geometry": { "type": "Point", "coordinates": [ -1.074993374205425, 53.978398696246472 ] } },
{ "type": "Feature", "properties": { "OBJECTID": 1854360714, "ReferenceNumber": "251006-000587", "ProductID": "Street Lighting", "CategoryId": "Hanging lantern or sign", "Date_Created": "2025-10-06T22:30:34Z", "Ward": "Heworth", "Easting": 460711.38282674999, "Northing": 453722.96792993002 }, "geometry": { "type": "Point", "coordinates": [ -1.075853828383932, 53.976032576437831 ] } },
{ "type": "Feature", "properties": { "OBJECTID": 1854360715, "ReferenceNumber": "251006-000590", "ProductID": "Street Lighting", "CategoryId": "Hanging lantern or sign", "Date_Created": "2025-10-06T22:30:36Z", "Ward": "Huntington and New Earswick", "Easting": 460908.37281943997, "Northing": 455657.92147275998 }, "geometry": { "type": "Point", "coordinates": [ -1.072464816643151, 53.993397484352677 ] } },
{ "type": "Feature", "properties": { "OBJECTID": 1854360716, "ReferenceNumber": "251006-000600", "ProductID": "Street Lighting", "CategoryId": "Hanging lantern or sign", "Date_Created": "2025-10-06T22:30:44Z", "Ward": "Huntington and New Earswick", "Easting": 460869.37467733002, "Northing": 455198.93317333999 }, "geometry": { "type": "Point", "coordinates": [ -1.0731511163744, 53.98927748298631 ] } },
{ "type": "Feature", "properties": { "OBJECTID": 1854360717, "ReferenceNumber": "251006-000601", "ProductID": "Street Lighting", "CategoryId": "Hanging lantern or sign", "Date_Created": "2025-10-06T22:30:44Z", "Ward": "Huntington and New Earswick", "Easting": 460793.38067476999, "Northing": 454162.95810362999 }, "geometry": { "type": "Point", "coordinates": [ -1.074516240347747, 53.97997684711558 ] } },
{ "type": "Feature", "properties": { "OBJECTID": 1854360718, "ReferenceNumber": "251006-000582", "ProductID": "Street Lighting", "CategoryId": "Hanging lantern or sign", "Date_Created": "2025-10-06T22:30:30Z", "Ward": "Huntington and New Earswick", "Easting": 460910.37772537, "Northing": 454684.94570549001 }, "geometry": { "type": "Point", "coordinates": [ -1.072628396552008, 53.984653830904776 ] } },
{ "type": "Feature", "properties": { "OBJECTID": 1854360719, "ReferenceNumber": "251006-000583", "ProductID": "Street Lighting", "CategoryId": "Hanging lantern or sign", "Date_Created": "2025-10-06T22:30:31Z", "Ward": "Huntington and New Earswick", "Easting": 460877.37503633997, "Northing": 455139.93453839002 }, "geometry": { "type": "Point", "coordinates": [ -1.073040883612929, 53.988746364213512 ] } },
{ "type": "Feature", "properties": { "OBJECTID": 1854360720, "ReferenceNumber": "251006-000586", "ProductID": "Street Lighting", "CategoryId": "Hanging lantern or sign", "Date_Created": "2025-10-06T22:30:33Z", "Ward": "Heworth", "Easting": 460769.38137398002, "Northing": 454019.96125603002 }, "geometry": { "type": "Point", "coordinates": [ -1.074910583530738, 53.978694650624007 ] } },
{ "type": "Feature", "properties": { "OBJECTID": 1854360721, "ReferenceNumber": "251006-000588", "ProductID": "Street Lighting", "CategoryId": "Hanging lantern or sign", "Date_Created": "2025-10-06T22:30:35Z", "Ward": "Heworth", "Easting": 460722.38255535997, "Northing": 453782.96659103001 }, "geometry": { "type": "Point", "coordinates": [ -1.075674215439681, 53.97657045438109 ] } },
{ "type": "Feature", "properties": { "OBJECTID": 1854360722, "ReferenceNumber": "251006-000591", "ProductID": "Street Lighting", "CategoryId": "Hanging lantern or sign", "Date_Created": "2025-10-06T22:30:37Z", "Ward": "Huntington and New Earswick", "Easting": 460895.37297665997, "Northing": 455628.92232787999 }, "geometry": { "type": "Point", "coordinates": [ -1.072668861879426, 53.993138419715628 ] } },
{ "type": "Feature", "properties": { "OBJECTID": 1854360728, "ReferenceNumber": "251006-000596", "ProductID": "Street Lighting", "CategoryId": "Hanging lantern or sign", "Date_Created": "2025-10-06T22:30:41Z", "Ward": "Huntington and New Earswick", "Easting": 460900.37310892, "Northing": 455484.92601106002 }, "geometry": { "type": "Point", "coordinates": [ -1.072621350675206, 53.991843843207015 ] } },
{ "type": "Feature", "properties": { "OBJECTID": 1854360729, "ReferenceNumber": "251006-000598", "ProductID": "Street Lighting", "CategoryId": "Hanging lantern or sign", "Date_Created": "2025-10-06T22:30:42Z", "Ward": "Westfield", "Easting": 457134.42994911002, "Northing": 450443.97632565 }, "geometry": { "type": "Point", "coordinates": [ -1.13099538043204, 53.946972286912441 ] } },
{ "type": "Feature", "properties": { "OBJECTID": 1854360733, "ReferenceNumber": "251006-000602", "ProductID": "Street Lighting", "CategoryId": "Hanging lantern or sign", "Date_Created": "2025-10-06T22:30:45Z", "Ward": "Huntington and New Earswick", "Easting": 460898.37795133999, "Northing": 454655.94656095997 }, "geometry": { "type": "Point", "coordinates": [ -1.072817147321478, 53.984394648716666 ] } },
{ "type": "Feature", "properties": { "OBJECTID": 1854360742, "ReferenceNumber": "251006-000559", "ProductID": "Street Lighting", "CategoryId": "Hanging lantern or sign", "Date_Created": "2025-10-06T22:30:13Z", "Ward": "Huntington and New Earswick", "Easting": 460919.37298317999, "Northing": 455489.92584091 }, "geometry": { "type": "Point", "coordinates": [ -1.072330600321951, 53.991886536830478 ] } },
{ "type": "Feature", "properties": { "OBJECTID": 1854360743, "ReferenceNumber": "251006-000594", "ProductID": "Street Lighting", "CategoryId": "Hanging lantern or sign", "Date_Created": "2025-10-06T22:30:39Z", "Ward": "Rawcliffe and Clifton Without", "Easting": 460774.38104364998, "Northing": 454081.95995221997 }, "geometry": { "type": "Point", "coordinates": [ -1.074822026064211, 53.97925120337225 ] } },
{ "type": "Feature", "properties": { "OBJECTID": 1854360744, "ReferenceNumber": "251006-000599", "ProductID": "Street Lighting", "CategoryId": "Hanging lantern or sign", "Date_Created": "2025-10-06T22:30:43Z", "Ward": "Huntington and New Earswick", "Easting": 460877.37802584999, "Northing": 454628.9471856 }, "geometry": { "type": "Point", "coordinates": [ -1.073142728736553, 53.9841544944059 ] } },
{ "type": "Feature", "properties": { "OBJECTID": 1854360745, "ReferenceNumber": "251006-000603", "ProductID": "Street Lighting", "CategoryId": "Hanging lantern or sign", "Date_Created": "2025-10-06T22:30:46Z", "Ward": "Huntington and New Earswick", "Easting": 460893.23457301001, "Northing": 455222.55242496001 }, "geometry": { "type": "Point", "coordinates": [ -1.072782558139438, 53.989486925152427 ] } },
{ "type": "Feature", "properties": { "OBJECTID": 1854360746, "ReferenceNumber": "251006-000608", "ProductID": "Street Lighting", "CategoryId": "Hanging lantern or sign", "Date_Created": "2025-10-06T23:05:23Z", "Ward": "Rawcliffe and Clifton Without", "Easting": 459389.4865, "Northing": 454084.2367 }, "geometry": { "type": "Point", "coordinates": [ -1.095935345684226, 53.979432293436254 ] } },
{ "type": "Feature", "properties": { "OBJECTID": 1854360757, "ReferenceNumber": "251006-000560", "ProductID": "Street Lighting", "CategoryId": "Hanging lantern or sign", "Date_Created": "2025-10-06T22:30:14Z", "Ward": "Huntington and New Earswick", "Easting": 460938.94713637, "Northing": 454799.18276951002 }, "geometry": { "type": "Point", "coordinates": [ -1.072169981067772, 53.985677034284308 ] } },
{ "type": "Feature", "properties": { "OBJECTID": 1854360758, "ReferenceNumber": "251006-000569", "ProductID": "Street Lighting", "CategoryId": "Hanging lantern or sign", "Date_Created": "2025-10-06T22:30:20Z", "Ward": "Huntington and New Earswick", "Easting": 460877.37525367999, "Northing": 455102.93546861003 }, "geometry": { "type": "Point", "coordinates": [ -1.073048257577629, 53.988413881325556 ] } },
{ "type": "Feature", "properties": { "OBJECTID": 1854360759, "ReferenceNumber": "251006-000570", "ProductID": "Street Lighting", "CategoryId": "Hanging lantern or sign", "Date_Created": "2025-10-06T22:30:21Z", "Ward": "Huntington and New Earswick", "Easting": 460923.37293771002, "Northing": 455573.92373385001 }, "geometry": { "type": "Point", "coordinates": [ -1.072252827789584, 53.992640892960956 ] } },
{ "type": "Feature", "properties": { "OBJECTID": 1854360760, "ReferenceNumber": "251006-000580", "ProductID": "Street Lighting", "CategoryId": "Hanging lantern or sign", "Date_Created": "2025-10-06T22:30:29Z", "Ward": "Huntington and New Earswick", "Easting": 460939.37753280997, "Northing": 454750.94398193998 }, "geometry": { "type": "Point", "coordinates": [ -1.072173046191317, 53.985243496823252 ] } },
{ "type": "Feature", "properties": { "OBJECTID": 1854360761, "ReferenceNumber": "251006-000595", "ProductID": "Street Lighting", "CategoryId": "Hanging lantern or sign", "Date_Created": "2025-10-06T22:30:40Z", "Ward": "Huntington and New Earswick", "Easting": 460807.38039090001, "Northing": 454223.95670485997 }, "geometry": { "type": "Point", "coordinates": [ -1.074290656965292, 53.980523355429625 ] } },
{ "type": "Feature", "properties": { "OBJECTID": 1854360769, "ReferenceNumber": "251006-000094", "ProductID": "Street Lighting", "CategoryId": "Unlit", "Date_Created": "2025-10-06T10:03:59Z", "Ward": "Dringhouses and Woodthorpe", "Easting": 458287.01125684002, "Northing": 448944.97320611001 }, "geometry": { "type": "Point", "coordinates": [ -1.113721741402169, 53.933373217431196 ] } },
{ "type": "Feature", "properties": { "OBJECTID": 1854360777, "ReferenceNumber": "251006-000597", "ProductID": "Street Lighting", "CategoryId": "Hanging lantern or sign", "Date_Created": "2025-10-06T22:30:41Z", "Ward": "Huntington and New Earswick", "Easting": 460899.37407472997, "Northing": 455323.92996172002 }, "geometry": { "type": "Point", "coordinates": [ -1.072668708584248, 53.990397208659502 ] } },
{ "type": "Feature", "properties": { "OBJECTID": 1854360828, "ReferenceNumber": "251006-000408", "ProductID": "Street Lighting", "CategoryId": "Hit or Leaning", "Date_Created": "2025-10-06T17:28:40Z", "Ward": "Micklegate", "Easting": 459604.9875, "Northing": 451149.9967 }, "geometry": { "type": "Point", "coordinates": [ -1.093221728933256, 53.953039044167731 ] } },
{ "type": "Feature", "properties": { "OBJECTID": 1854360841, "ReferenceNumber": "251006-000412", "ProductID": "Street Lighting", "CategoryId": "Unlit", "Date_Created": "2025-10-06T17:55:38Z", "Ward": "Guildhall", "Easting": 460704.9872, "Northing": 452305.9958 }, "geometry": { "type": "Point", "coordinates": [ -1.076232810092983, 53.963299833322509 ] } },
{ "type": "Feature", "properties": { "OBJECTID": 1854360862, "ReferenceNumber": "251006-000439", "ProductID": "Street Lighting", "CategoryId": "Hanging lantern or sign", "Date_Created": "2025-10-06T21:33:47Z", "Ward": "Hull Road", "Easting": 461855.39579437999, "Northing": 452436.99166220002 }, "geometry": { "type": "Point", "coordinates": [ -1.058674268438131, 53.964341041093682 ] } },
{ "type": "Feature", "properties": { "OBJECTID": 1854360868, "ReferenceNumber": "251006-000438", "ProductID": "Street Lighting", "CategoryId": "Hanging lantern or sign", "Date_Created": "2025-10-06T21:30:57Z", "Ward": "Hull Road", "Easting": 461953.40014570003, "Northing": 451892.99975808 }, "geometry": { "type": "Point", "coordinates": [ -1.057290900097085, 53.959440824100561 ] } },
{ "type": "Feature", "properties": { "OBJECTID": 1854360869, "ReferenceNumber": "251006-000443", "ProductID": "Street Lighting", "CategoryId": "Hanging lantern or sign", "Date_Created": "2025-10-06T21:43:17Z", "Ward": "Hull Road", "Easting": 461953.9883, "Northing": 451890.9959 }, "geometry": { "type": "Point", "coordinates": [ -1.05728234288306, 53.959422746037546 ] } },
{ "type": "Feature", "properties": { "OBJECTID": 1854360870, "ReferenceNumber": "251006-000444", "ProductID": "Street Lighting", "CategoryId": "Hanging lantern or sign", "Date_Created": "2025-10-06T21:44:24Z", "Ward": "Hull Road", "Easting": 461953.9883, "Northing": 451890.9959 }, "geometry": { "type": "Point", "coordinates": [ -1.05728234288306, 53.959422746037546 ] } },
{ "type": "Feature", "properties": { "OBJECTID": 1854360871, "ReferenceNumber": "251006-000446", "ProductID": "Street Lighting", "CategoryId": "Hanging lantern or sign", "Date_Created": "2025-10-06T21:47:37Z", "Ward": "Heworth", "Easting": 462002.9882, "Northing": 451982.9958 }, "geometry": { "type": "Point", "coordinates": [ -1.056517006736417, 53.960243634920175 ] } },
{ "type": "Feature", "properties": { "OBJECTID": 1854360872, "ReferenceNumber": "251006-000453", "ProductID": "Street Lighting", "CategoryId": "Hanging lantern or sign", "Date_Created": "2025-10-06T22:10:41Z", "Ward": "Heworth", "Easting": 461835.39852667, "Northing": 452011.99723995 }, "geometry": { "type": "Point", "coordinates": [ -1.059064992768598, 53.960524264103448 ] } },
{ "type": "Feature", "properties": { "OBJECTID": 1854360879, "ReferenceNumber": "251006-000440", "ProductID": "Street Lighting", "CategoryId": "Hanging lantern or sign", "Date_Created": "2025-10-06T21:34:19Z", "Ward": "Hull Road", "Easting": 461918.9884, "Northing": 451793.9959 }, "geometry": { "type": "Point", "coordinates": [ -1.057835327608255, 53.958555247321364 ] } },
{ "type": "Feature", "properties": { "OBJECTID": 1854360880, "ReferenceNumber": "251006-000441", "ProductID": "Street Lighting", "CategoryId": "Hanging lantern or sign", "Date_Created": "2025-10-06T21:37:21Z", "Ward": "Hull Road", "Easting": 461935.9885, "Northing": 451810.9959 }, "geometry": { "type": "Point", "coordinates": [ -1.057572835381932, 53.95870598592029 ] } },
{ "type": "Feature", "properties": { "OBJECTID": 1854360882, "ReferenceNumber": "251006-000451", "ProductID": "Street Lighting", "CategoryId": "Hanging lantern or sign", "Date_Created": "2025-10-06T21:59:27Z", "Ward": "Heworth", "Easting": 461958.39940646, "Northing": 452001.99835602997 }, "geometry": { "type": "Point", "coordinates": [ -1.057192631632447, 53.960419728865311 ] } },
{ "type": "Feature", "properties": { "OBJECTID": 1854360883, "ReferenceNumber": "251006-000460", "ProductID": "Street Lighting", "CategoryId": "Hanging lantern or sign", "Date_Created": "2025-10-06T22:13:37Z", "Ward": "Guildhall", "Easting": 460283.70238012, "Northing": 452673.88027559 }, "geometry": { "type": "Point", "coordinates": [ -1.082580642523687, 53.966654965063022 ] } },
{ "type": "Feature", "properties": { "OBJECTID": 1854360888, "ReferenceNumber": "251006-000454", "ProductID": "Street Lighting", "CategoryId": "Hanging lantern or sign", "Date_Created": "2025-10-06T22:10:42Z", "Ward": "Hull Road", "Easting": 462354.00316090998, "Northing": 451869.09351686999 }, "geometry": { "type": "Point", "coordinates": [ -1.051191228088883, 53.959177981513271 ] } },
{ "type": "Feature", "properties": { "OBJECTID": 1854360889, "ReferenceNumber": "251006-000456", "ProductID": "Street Lighting", "CategoryId": "Hanging lantern or sign", "Date_Created": "2025-10-06T22:10:44Z", "Ward": "Heworth", "Easting": 461941.39929189999, "Northing": 452001.99813273997 }, "geometry": { "type": "Point", "coordinates": [ -1.057451692328954, 53.960421757148339 ] } },
{ "type": "Feature", "properties": { "OBJECTID": 1854360890, "ReferenceNumber": "251006-000463", "ProductID": "Street Lighting", "CategoryId": "Hanging lantern or sign", "Date_Created": "2025-10-06T22:13:40Z", "Ward": "Fishergate", "Easting": 461260.53820876998, "Northing": 451350.78978936002 }, "geometry": { "type": "Point", "coordinates": [ -1.067957497134034, 53.95465059499044 ] } },
{ "type": "Feature", "properties": { "OBJECTID": 1854360891, "ReferenceNumber": "251006-000464", "ProductID": "Street Lighting", "CategoryId": "Hanging lantern or sign", "Date_Created": "2025-10-06T22:13:40Z", "Ward": "Hull Road", "Easting": 461842.40187648003, "Northing": 451297.50541858003 }, "geometry": { "type": "Point", "coordinates": [ -1.059102603263249, 53.954102714501069 ] } },
{ "type": "Feature", "properties": { "OBJECTID": 1854360892, "ReferenceNumber": "251006-000466", "ProductID": "Street Lighting", "CategoryId": "Hanging lantern or sign", "Date_Created": "2025-10-06T22:13:42Z", "Ward": "Heworth", "Easting": 462219.40140738001, "Northing": 451994.00048256002 }, "geometry": { "type": "Point", "coordinates": [ -1.053216913384487, 53.960316605404579 ] } },
{ "type": "Feature", "properties": { "OBJECTID": 1854360895, "ReferenceNumber": "251006-000442", "ProductID": "Street Lighting", "CategoryId": "Hanging lantern or sign", "Date_Created": "2025-10-06T21:38:50Z", "Ward": "Hull Road", "Easting": 461947.9884, "Northing": 451799.9959 }, "geometry": { "type": "Point", "coordinates": [ -1.057392207581561, 53.958605702619927 ] } },
{ "type": "Feature", "properties": { "OBJECTID": 1854360896, "ReferenceNumber": "251006-000445", "ProductID": "Street Lighting", "CategoryId": "Hanging lantern or sign", "Date_Created": "2025-10-06T21:46:35Z", "Ward": "Hull Road", "Easting": 461936.9883, "Northing": 451853.9958 }, "geometry": { "type": "Point", "coordinates": [ -1.057548890499901, 53.959092279826628 ] } },
{ "type": "Feature", "properties": { "OBJECTID": 1854360897, "ReferenceNumber": "251006-000447", "ProductID": "Street Lighting", "CategoryId": "Hanging lantern or sign", "Date_Created": "2025-10-06T21:57:51Z", "Ward": "Heworth", "Easting": 461967.39959285001, "Northing": 451996.99838958 }, "geometry": { "type": "Point", "coordinates": [ -1.057056493012668, 53.96037372154462 ] } },
{ "type": "Feature", "properties": { "OBJECTID": 1854360898, "ReferenceNumber": "251006-000461", "ProductID": "Street Lighting", "CategoryId": "Hanging lantern or sign", "Date_Created": "2025-10-06T22:13:38Z", "Ward": "Hull Road", "Easting": 463775.88883582002, "Northing": 451258.87315861997 }, "geometry": { "type": "Point", "coordinates": [ -1.0296514415364, 53.95352143039247 ] } },
{ "type": "Feature", "properties": { "OBJECTID": 1854360899, "ReferenceNumber": "251006-000470", "ProductID": "Street Lighting", "CategoryId": "Hanging lantern or sign", "Date_Created": "2025-10-06T22:13:45Z", "Ward": "Heworth", "Easting": 462101.40053778997, "Northing": 451988.99948762998 }, "geometry": { "type": "Point", "coordinates": [ -1.055016112029208, 53.960285809896966 ] } },
{ "type": "Feature", "properties": { "OBJECTID": 1854360900, "ReferenceNumber": "251006-000471", "ProductID": "Street Lighting", "CategoryId": "Hanging lantern or sign", "Date_Created": "2025-10-06T22:13:46Z", "Ward": "Heworth", "Easting": 462070.40032352001, "Northing": 451989.99924401997 }, "geometry": { "type": "Point", "coordinates": [ -1.05548831225872, 53.96029850520528 ] } },
{ "type": "Feature", "properties": { "OBJECTID": 1854360901, "ReferenceNumber": "251006-000478", "ProductID": "Street Lighting", "CategoryId": "Hanging lantern or sign", "Date_Created": "2025-10-06T22:13:51Z", "Ward": "Guildhall", "Easting": 460303.38903468999, "Northing": 452101.98480725999 }, "geometry": { "type": "Point", "coordinates": [ -1.082393350239903, 53.961513347721635 ] } },
{ "type": "Feature", "properties": { "OBJECTID": 1854360902, "ReferenceNumber": "251006-000480", "ProductID": "Street Lighting", "CategoryId": "Hanging lantern or sign", "Date_Created": "2025-10-06T22:13:53Z", "Ward": "Hull Road", "Easting": 462194.40587645001, "Northing": 451640.00497317 }, "geometry": { "type": "Point", "coordinates": [ -1.053669769767566, 53.957138468899096 ] } },
{ "type": "Feature", "properties": { "OBJECTID": 1854360909, "ReferenceNumber": "251006-000473", "ProductID": "Street Lighting", "CategoryId": "Hanging lantern or sign", "Date_Created": "2025-10-06T22:13:47Z", "Ward": "Heworth", "Easting": 462002.39989072998, "Northing": 451984.99881249003 }, "geometry": { "type": "Point", "coordinates": [ -1.056525565489248, 53.96026170495503 ] } },
{ "type": "Feature", "properties": { "OBJECTID": 1854360910, "ReferenceNumber": "251006-000474", "ProductID": "Street Lighting", "CategoryId": "Hanging lantern or sign", "Date_Created": "2025-10-06T22:13:48Z", "Ward": "Heworth", "Easting": 461967.39959285001, "Northing": 451996.99838958 }, "geometry": { "type": "Point", "coordinates": [ -1.057056493012668, 53.96037372154462 ] } },
{ "type": "Feature", "properties": { "OBJECTID": 1854360911, "ReferenceNumber": "251006-000483", "ProductID": "Street Lighting", "CategoryId": "Hanging lantern or sign", "Date_Created": "2025-10-06T22:13:55Z", "Ward": "Hull Road", "Easting": 461950.40021055, "Northing": 451874.00002531998 }, "geometry": { "type": "Point", "coordinates": [ -1.057340463233781, 53.959270443151681 ] } },
{ "type": "Feature", "properties": { "OBJECTID": 1854360912, "ReferenceNumber": "251006-000484", "ProductID": "Street Lighting", "CategoryId": "Hanging lantern or sign", "Date_Created": "2025-10-06T22:13:56Z", "Ward": "Heworth", "Easting": 461863.39731509, "Northing": 452207.99473184999 }, "geometry": { "type": "Point", "coordinates": [ -1.058598665393603, 53.962282232697227 ] } },
{ "type": "Feature", "properties": { "OBJECTID": 1854360913, "ReferenceNumber": "251006-000495", "ProductID": "Street Lighting", "CategoryId": "Hanging lantern or sign", "Date_Created": "2025-10-06T22:14:04Z", "Ward": "Hull Road", "Easting": 462197.19198365998, "Northing": 451874.65217820002 }, "geometry": { "type": "Point", "coordinates": [ -1.053579633383872, 53.959246764767883 ] } },
{ "type": "Feature", "properties": { "OBJECTID": 1854360914, "ReferenceNumber": "251006-000449", "ProductID": "Street Lighting", "CategoryId": "Hanging lantern or sign", "Date_Created": "2025-10-06T21:57:53Z", "Ward": "Clifton", "Easting": 460085.37934620999, "Northing": 453231.97309051 }, "geometry": { "type": "Point", "coordinates": [ -1.08549356938714, 53.971693267996422 ] } },
{ "type": "Feature", "properties": { "OBJECTID": 1854360915, "ReferenceNumber": "251006-000452", "ProductID": "Street Lighting", "CategoryId": "Hanging lantern or sign", "Date_Created": "2025-10-06T22:04:25Z", "Ward": "Guildhall", "Easting": 460219.9872, "Northing": 452145.9963 }, "geometry": { "type": "Point", "coordinates": [ -1.083655667339791, 53.961918547658563 ] } },
{ "type": "Feature", "properties": { "OBJECTID": 1854360916, "ReferenceNumber": "251006-000455", "ProductID": "Street Lighting", "CategoryId": "Hanging lantern or sign", "Date_Created": "2025-10-06T22:10:43Z", "Ward": "Guildhall", "Easting": 460837.83154957998, "Northing": 452114.92875600001 }, "geometry": { "type": "Point", "coordinates": [ -1.074246291967152, 53.961567248212752 ] } },
{ "type": "Feature", "properties": { "OBJECTID": 1854360917, "ReferenceNumber": "251006-000457", "ProductID": "Street Lighting", "CategoryId": "Hanging lantern or sign", "Date_Created": "2025-10-06T22:13:35Z", "Ward": "Guildhall", "Easting": 460365.38239351002, "Northing": 452841.97888548003 }, "geometry": { "type": "Point", "coordinates": [ -1.081302538294683, 53.968156071675644 ] } },
{ "type": "Feature", "properties": { "OBJECTID": 1854360918, "ReferenceNumber": "251006-000459", "ProductID": "Street Lighting", "CategoryId": "Hanging lantern or sign", "Date_Created": "2025-10-06T22:13:37Z", "Ward": "Hull Road", "Easting": 461859.01459823002, "Northing": 451606.19226028997 }, "geometry": { "type": "Point", "coordinates": [ -1.058787146316255, 53.956874722961167 ] } },
{ "type": "Feature", "properties": { "OBJECTID": 1854360919, "ReferenceNumber": "251006-000481", "ProductID": "Street Lighting", "CategoryId": "Hanging lantern or sign", "Date_Created": "2025-10-06T22:13:53Z", "Ward": "Hull Road", "Easting": 462726.33497333003, "Northing": 451286.77259220002 }, "geometry": { "type": "Point", "coordinates": [ -1.045636863650623, 53.953900121771213 ] } },
{ "type": "Feature", "properties": { "OBJECTID": 1854360920, "ReferenceNumber": "251006-000488", "ProductID": "Street Lighting", "CategoryId": "Hanging lantern or sign", "Date_Created": "2025-10-06T22:13:59Z", "Ward": "Westfield", "Easting": 457012.42643291998, "Northing": 450580.97377456998 }, "geometry": { "type": "Point", "coordinates": [ -1.13282851542276, 53.948216845705446 ] } },
{ "type": "Feature", "properties": { "OBJECTID": 1854360921, "ReferenceNumber": "251006-000492", "ProductID": "Street Lighting", "CategoryId": "Hanging lantern or sign", "Date_Created": "2025-10-06T22:14:02Z", "Ward": "Hull Road", "Easting": 462278.40264932998, "Northing": 451872.00290243002 }, "geometry": { "type": "Point", "coordinates": [ -1.0523426595977, 53.959213211197742 ] } },
{ "type": "Feature", "properties": { "OBJECTID": 1854360922, "ReferenceNumber": "251006-000496", "ProductID": "Street Lighting", "CategoryId": "Hanging lantern or sign", "Date_Created": "2025-10-06T22:14:05Z", "Ward": "Hull Road", "Easting": 462162.40193966002, "Northing": 451857.00215632998 }, "geometry": { "type": "Point", "coordinates": [ -1.054113364535008, 53.959092326942432 ] } },
{ "type": "Feature", "properties": { "OBJECTID": 1854360923, "ReferenceNumber": "251006-000499", "ProductID": "Street Lighting", "CategoryId": "Hanging lantern or sign", "Date_Created": "2025-10-06T22:14:07Z", "Ward": "Hull Road", "Easting": 461947.40066023997, "Northing": 451802.00096853002 }, "geometry": { "type": "Point", "coordinates": [ -1.057400756818303, 53.958623791398196 ] } },
{ "type": "Feature", "properties": { "OBJECTID": 1854360924, "ReferenceNumber": "251006-000497", "ProductID": "Street Lighting", "CategoryId": "Hanging lantern or sign", "Date_Created": "2025-10-06T22:14:05Z", "Ward": "Hull Road", "Easting": 462036.40108116, "Northing": 451838.00125412003 }, "geometry": { "type": "Point", "coordinates": [ -1.056037255027042, 53.95893666532762 ] } },
{ "type": "Feature", "properties": { "OBJECTID": 1854360925, "ReferenceNumber": "251006-000498", "ProductID": "Street Lighting", "CategoryId": "Hanging lantern or sign", "Date_Created": "2025-10-06T22:14:06Z", "Ward": "Hull Road", "Easting": 461997.40099821001, "Northing": 451822.00123858999 }, "geometry": { "type": "Point", "coordinates": [ -1.056634791471928, 53.95879754610899 ] } },
{ "type": "Feature", "properties": { "OBJECTID": 1854360926, "ReferenceNumber": "251006-000500", "ProductID": "Street Lighting", "CategoryId": "Hanging lantern or sign", "Date_Created": "2025-10-06T22:14:08Z", "Ward": "Heworth", "Easting": 462124.40059906, "Northing": 452006.99948812003 }, "geometry": { "type": "Point", "coordinates": [ -1.05466196283988, 53.960444809248614 ] } },
{ "type": "Feature", "properties": { "OBJECTID": 1854360927, "ReferenceNumber": "251006-000512", "ProductID": "Street Lighting", "CategoryId": "Hanging lantern or sign", "Date_Created": "2025-10-06T22:14:16Z", "Ward": "Hull Road", "Easting": 462206.41340403998, "Northing": 451284.00865007 }, "geometry": { "type": "Point", "coordinates": [ -1.05355911515903, 53.95393790163341 ] } },
{ "type": "Feature", "properties": { "OBJECTID": 1854360928, "ReferenceNumber": "251006-000513", "ProductID": "Street Lighting", "CategoryId": "Hanging lantern or sign", "Date_Created": "2025-10-06T22:14:17Z", "Ward": "Hull Road", "Easting": 463736.41913857003, "Northing": 451216.02328666003 }, "geometry": { "type": "Point", "coordinates": [ -1.03026172801428, 53.953141217340978 ] } },
{ "type": "Feature", "properties": { "OBJECTID": 1854360929, "ReferenceNumber": "251006-000462", "ProductID": "Street Lighting", "CategoryId": "Hanging lantern or sign", "Date_Created": "2025-10-06T22:13:39Z", "Ward": "Hull Road", "Easting": 463703.64858817001, "Northing": 451249.47229435999 }, "geometry": { "type": "Point", "coordinates": [ -1.030754055238572, 53.953445824852977 ] } },
{ "type": "Feature", "properties": { "OBJECTID": 1854360930, "ReferenceNumber": "251006-000469", "ProductID": "Street Lighting", "CategoryId": "Hanging lantern or sign", "Date_Created": "2025-10-06T22:13:44Z", "Ward": "Heworth", "Easting": 462131.40088708, "Northing": 451979.99994483002 }, "geometry": { "type": "Point", "coordinates": [ -1.054560773390468, 53.960201342617623 ] } },
{ "type": "Feature", "properties": { "OBJECTID": 1854360931, "ReferenceNumber": "251006-000472", "ProductID": "Street Lighting", "CategoryId": "Hanging lantern or sign", "Date_Created": "2025-10-06T22:13:47Z", "Ward": "Heworth", "Easting": 462039.40010927001, "Northing": 451990.99900113 }, "geometry": { "type": "Point", "coordinates": [ -1.055960512776504, 53.960311199563996 ] } },
{ "type": "Feature", "properties": { "OBJECTID": 1854360932, "ReferenceNumber": "251006-000476", "ProductID": "Street Lighting", "CategoryId": "Hanging lantern or sign", "Date_Created": "2025-10-06T22:13:49Z", "Ward": "Hull Road", "Easting": 462033.40678844001, "Northing": 451554.00440732 }, "geometry": { "type": "Point", "coordinates": [ -1.056140422434513, 53.956384913079525 ] } },
{ "type": "Feature", "properties": { "OBJECTID": 1854360933, "ReferenceNumber": "251006-000479", "ProductID": "Street Lighting", "CategoryId": "Hanging lantern or sign", "Date_Created": "2025-10-06T22:13:52Z", "Ward": "Hull Road", "Easting": 461936.40684921999, "Northing": 451526.00373959 }, "geometry": { "type": "Point", "coordinates": [ -1.057624101049962, 53.956144879206171 ] } },
{ "type": "Feature", "properties": { "OBJECTID": 1854360938, "ReferenceNumber": "251006-000436", "ProductID": "Street Lighting", "CategoryId": "Hanging lantern or sign", "Date_Created": "2025-10-06T21:27:08Z", "Ward": "Hull Road", "Easting": 461953.9883, "Northing": 451890.9959 }, "geometry": { "type": "Point", "coordinates": [ -1.05728234288306, 53.959422746037546 ] } },
{ "type": "Feature", "properties": { "OBJECTID": 1854360939, "ReferenceNumber": "251006-000448", "ProductID": "Street Lighting", "CategoryId": "Hanging lantern or sign", "Date_Created": "2025-10-06T21:57:52Z", "Ward": "Guildhall", "Easting": 460288.99197055999, "Northing": 452770.33926693001 }, "geometry": { "type": "Point", "coordinates": [ -1.082480995236513, 53.967521174858561 ] } },
{ "type": "Feature", "properties": { "OBJECTID": 1854360940, "ReferenceNumber": "251006-000502", "ProductID": "Street Lighting", "CategoryId": "Hanging lantern or sign", "Date_Created": "2025-10-06T22:14:09Z", "Ward": "Hull Road", "Easting": 462863.41532695998, "Northing": 451289.01354259998 }, "geometry": { "type": "Point", "coordinates": [ -1.043547810242147, 53.953903662490681 ] } },
{ "type": "Feature", "properties": { "OBJECTID": 1854360941, "ReferenceNumber": "251006-000503", "ProductID": "Street Lighting", "CategoryId": "Hanging lantern or sign", "Date_Created": "2025-10-06T22:14:10Z", "Ward": "Hull Road", "Easting": 462808.41530595999, "Northing": 451287.01317296003 }, "geometry": { "type": "Point", "coordinates": [ -1.044386215920805, 53.953892350472181 ] } },
{ "type": "Feature", "properties": { "OBJECTID": 1854360942, "ReferenceNumber": "251006-000506", "ProductID": "Street Lighting", "CategoryId": "Hanging lantern or sign", "Date_Created": "2025-10-06T22:14:12Z", "Ward": "Guildhall", "Easting": 461029.39453510998, "Northing": 451841.99244061997 }, "geometry": { "type": "Point", "coordinates": [ -1.071381493907021, 53.959092007354883 ] } },
{ "type": "Feature", "properties": { "OBJECTID": 1854360943, "ReferenceNumber": "251006-000508", "ProductID": "Street Lighting", "CategoryId": "Hanging lantern or sign", "Date_Created": "2025-10-06T22:14:13Z", "Ward": "Guildhall", "Easting": 460294.38211796997, "Northing": 452711.97994023003 }, "geometry": { "type": "Point", "coordinates": [ -1.082410357637749, 53.966996104223959 ] } },
{ "type": "Feature", "properties": { "OBJECTID": 1854360944, "ReferenceNumber": "251006-000482", "ProductID": "Street Lighting", "CategoryId": "Hanging lantern or sign", "Date_Created": "2025-10-06T22:13:54Z", "Ward": "Hull Road", "Easting": 462739.41529946, "Northing": 451272.01283878001 }, "geometry": { "type": "Point", "coordinates": [ -1.045440592804466, 53.953765902466337 ] } },
{ "type": "Feature", "properties": { "OBJECTID": 1854360945, "ReferenceNumber": "251006-000486", "ProductID": "Street Lighting", "CategoryId": "Hanging lantern or sign", "Date_Created": "2025-10-06T22:13:57Z", "Ward": "Hull Road", "Easting": 463722.42003116, "Northing": 451143.02415274002 }, "geometry": { "type": "Point", "coordinates": [ -1.030490215237524, 53.952486943526075 ] } },
{ "type": "Feature", "properties": { "OBJECTID": 1854360946, "ReferenceNumber": "251006-000489", "ProductID": "Street Lighting", "CategoryId": "Hanging lantern or sign", "Date_Created": "2025-10-06T22:13:59Z", "Ward": "Guildhall", "Easting": 460375.38252695999, "Northing": 452816.97915016999 }, "geometry": { "type": "Point", "coordinates": [ -1.081155059327925, 53.967930248929854 ] } },
{ "type": "Feature", "properties": { "OBJECTID": 1854360947, "ReferenceNumber": "251006-000490", "ProductID": "Street Lighting", "CategoryId": "Hanging lantern or sign", "Date_Created": "2025-10-06T22:14:00Z", "Ward": "Guildhall", "Easting": 460350.38240250002, "Northing": 452822.97898443002 }, "geometry": { "type": "Point", "coordinates": [ -1.081534916876561, 53.967987076474429 ] } },
{ "type": "Feature", "properties": { "OBJECTID": 1854360948, "ReferenceNumber": "251006-000491", "ProductID": "Street Lighting", "CategoryId": "Hanging lantern or sign", "Date_Created": "2025-10-06T22:14:01Z", "Ward": "Hull Road", "Easting": 462365.40320449998, "Northing": 451874.00350132002 }, "geometry": { "type": "Point", "coordinates": [ -1.051016510256521, 53.959220733335229 ] } },
{ "type": "Feature", "properties": { "OBJECTID": 1854360949, "ReferenceNumber": "251006-000458", "ProductID": "Street Lighting", "CategoryId": "Hanging lantern or sign", "Date_Created": "2025-10-06T22:13:36Z", "Ward": "Hull Road", "Easting": 463735.41938873997, "Northing": 451198.02351095999 }, "geometry": { "type": "Point", "coordinates": [ -1.030280707630018, 53.952979588234875 ] } },
{ "type": "Feature", "properties": { "OBJECTID": 1854360950, "ReferenceNumber": "251006-000465", "ProductID": "Street Lighting", "CategoryId": "Hanging lantern or sign", "Date_Created": "2025-10-06T22:13:41Z", "Ward": "Hull Road", "Easting": 461867.411784, "Northing": 451305.00555646 }, "geometry": { "type": "Point", "coordinates": [ -1.058720026901467, 53.954167132120922 ] } },
{ "type": "Feature", "properties": { "OBJECTID": 1854360951, "ReferenceNumber": "251006-000467", "ProductID": "Street Lighting", "CategoryId": "Hanging lantern or sign", "Date_Created": "2025-10-06T22:13:43Z", "Ward": "Heworth", "Easting": 462190.40126950998, "Northing": 451983.00043964002 }, "geometry": { "type": "Point", "coordinates": [ -1.053661075109241, 53.960221233562976 ] } },
{ "type": "Feature", "properties": { "OBJECTID": 1854360952, "ReferenceNumber": "251006-000468", "ProductID": "Street Lighting", "CategoryId": "Hanging lantern or sign", "Date_Created": "2025-10-06T22:13:43Z", "Ward": "Heworth", "Easting": 462163.40105594997, "Northing": 451989.00004641002 }, "geometry": { "type": "Point", "coordinates": [ -1.054071302847503, 53.960278385509447 ] } },
{ "type": "Feature", "properties": { "OBJECTID": 1854360953, "ReferenceNumber": "251006-000475", "ProductID": "Street Lighting", "CategoryId": "Hanging lantern or sign", "Date_Created": "2025-10-06T22:13:49Z", "Ward": "Clifton", "Easting": 459569.3746632, "Northing": 453233.96922024997 }, "geometry": { "type": "Point", "coordinates": [ -1.093358665950793, 53.971770755184302 ] } },
{ "type": "Feature", "properties": { "OBJECTID": 1854360954, "ReferenceNumber": "251006-000501", "ProductID": "Street Lighting", "CategoryId": "Hanging lantern or sign", "Date_Created": "2025-10-06T22:14:08Z", "Ward": "Hull Road", "Easting": 462888.41538060002, "Northing": 451290.01380954997 }, "geometry": { "type": "Point", "coordinates": [ -1.043166696389859, 53.953909620782696 ] } },
{ "type": "Feature", "properties": { "OBJECTID": 1854360955, "ReferenceNumber": "251006-000504", "ProductID": "Street Lighting", "CategoryId": "Hanging lantern or sign", "Date_Created": "2025-10-06T22:14:10Z", "Ward": "Fishergate", "Easting": 461762.41108062002, "Northing": 451316.00444927003 }, "geometry": { "type": "Point", "coordinates": [ -1.060317648573909, 53.954278484768352 ] } },
{ "type": "Feature", "properties": { "OBJECTID": 1854360956, "ReferenceNumber": "251006-000509", "ProductID": "Street Lighting", "CategoryId": "Hanging lantern or sign", "Date_Created": "2025-10-06T22:14:14Z", "Ward": "Heworth", "Easting": 461660.39583484002, "Northing": 452213.99355422001 }, "geometry": { "type": "Point", "coordinates": [ -1.061691089771158, 53.962360324665028 ] } },
{ "type": "Feature", "properties": { "OBJECTID": 1854360957, "ReferenceNumber": "251006-000510", "ProductID": "Street Lighting", "CategoryId": "Hanging lantern or sign", "Date_Created": "2025-10-06T22:14:15Z", "Ward": "Heworth", "Easting": 461793.39672776998, "Northing": 452231.99405427999 }, "geometry": { "type": "Point", "coordinates": [ -1.059660585667542, 53.962506248709964 ] } },
{ "type": "Feature", "properties": { "OBJECTID": 1854360958, "ReferenceNumber": "251006-000477", "ProductID": "Street Lighting", "CategoryId": "Hanging lantern or sign", "Date_Created": "2025-10-06T22:13:50Z", "Ward": "Hull Road", "Easting": 462154.40589301003, "Northing": 451629.00462902 }, "geometry": { "type": "Point", "coordinates": [ -1.054281504484757, 53.95704440981303 ] } },
{ "type": "Feature", "properties": { "OBJECTID": 1854360959, "ReferenceNumber": "251006-000485", "ProductID": "Street Lighting", "CategoryId": "Hanging lantern or sign", "Date_Created": "2025-10-06T22:13:56Z", "Ward": "Heworth", "Easting": 462245.40161955002, "Northing": 451987.00078638998 }, "geometry": { "type": "Point", "coordinates": [ -1.052822128765381, 53.96025058336371 ] } },
{ "type": "Feature", "properties": { "OBJECTID": 1854360960, "ReferenceNumber": "251006-000487", "ProductID": "Street Lighting", "CategoryId": "Hanging lantern or sign", "Date_Created": "2025-10-06T22:13:58Z", "Ward": "Hull Road", "Easting": 463912.07384948002, "Northing": 450888.98083065002 }, "geometry": { "type": "Point", "coordinates": [ -1.027653754474428, 53.950180708839007 ] } },
{ "type": "Feature", "properties": { "OBJECTID": 1854360961, "ReferenceNumber": "251006-000493", "ProductID": "Street Lighting", "CategoryId": "Hanging lantern or sign", "Date_Created": "2025-10-06T22:14:02Z", "Ward": "Hull Road", "Easting": 462253.40244785999, "Northing": 451878.00259579002 }, "geometry": { "type": "Point", "coordinates": [ -1.052722398941605, 53.959270128157762 ] } },
{ "type": "Feature", "properties": { "OBJECTID": 1854360962, "ReferenceNumber": "251006-000494", "ProductID": "Street Lighting", "CategoryId": "Hanging lantern or sign", "Date_Created": "2025-10-06T22:14:03Z", "Ward": "Hull Road", "Easting": 462229.15232512, "Northing": 451870.02251942997 }, "geometry": { "type": "Point", "coordinates": [ -1.053093554114906, 53.959201326668079 ] } },
{ "type": "Feature", "properties": { "OBJECTID": 1854360963, "ReferenceNumber": "251006-000505", "ProductID": "Street Lighting", "CategoryId": "Hanging lantern or sign", "Date_Created": "2025-10-06T22:14:11Z", "Ward": "Hull Road", "Easting": 462443.40368499001, "Northing": 451874.00396070001 }, "geometry": { "type": "Point", "coordinates": [ -1.049827915724487, 53.959211350153225 ] } },
{ "type": "Feature", "properties": { "OBJECTID": 1854360964, "ReferenceNumber": "251006-000507", "ProductID": "Street Lighting", "CategoryId": "Hanging lantern or sign", "Date_Created": "2025-10-06T22:14:13Z", "Ward": "Guildhall", "Easting": 460321.38230366999, "Northing": 452740.97975982999 }, "geometry": { "type": "Point", "coordinates": [ -1.081993114449659, 53.967253569949882 ] } },
{ "type": "Feature", "properties": { "OBJECTID": 1854360965, "ReferenceNumber": "251006-000511", "ProductID": "Street Lighting", "CategoryId": "Hanging lantern or sign", "Date_Created": "2025-10-06T22:14:16Z", "Ward": "Guildhall", "Easting": 460361.38248609001, "Northing": 452775.97970566002 }, "geometry": { "type": "Point", "coordinates": [ -1.081376541547636, 53.967563439443865 ] } },
{ "type": "Feature", "properties": { "OBJECTID": 1854360966, "ReferenceNumber": "251007-000002", "ProductID": "Street Lighting", "CategoryId": "Unlit", "Date_Created": "2025-10-07T06:38:29Z", "Ward": "Westfield", "Easting": 457940.05880813999, "Northing": 450416.98316488002 }, "geometry": { "type": "Point", "coordinates": [ -1.118727502413889, 53.946640388088049 ] } },
{ "type": "Feature", "properties": { "OBJECTID": 1854360967, "ReferenceNumber": "251007-000003", "ProductID": "Street Lighting", "CategoryId": "Unlit", "Date_Created": "2025-10-07T07:12:34Z", "Ward": "Huntington & New Earswick", "Easting": 462490.69218040002, "Northing": 454799.31939636002 }, "geometry": { "type": "Point", "coordinates": [ -1.048509079350453, 53.985493291257704 ] } },
{ "type": "Feature", "properties": { "OBJECTID": 1854360968, "ReferenceNumber": "251007-000336", "ProductID": "Street Lighting", "CategoryId": "Hanging lantern or sign", "Date_Created": "2025-10-07T20:19:43Z", "Ward": "Hull Road", "Easting": 463735.41938873997, "Northing": 451198.02351095999 }, "geometry": { "type": "Point", "coordinates": [ -1.030280707630018, 53.952979588234875 ] } },
{ "type": "Feature", "properties": { "OBJECTID": 1854360969, "ReferenceNumber": "251007-000338", "ProductID": "Street Lighting", "CategoryId": "Hanging lantern or sign", "Date_Created": "2025-10-07T20:19:45Z", "Ward": "Huntington and New Earswick", "Easting": 461052.38369366003, "Northing": 453947.96283189999 }, "geometry": { "type": "Point", "coordinates": [ -1.070610467868273, 53.978014368150333 ] } },
{ "type": "Feature", "properties": { "OBJECTID": 1854360970, "ReferenceNumber": "251007-000328", "ProductID": "Street Lighting", "CategoryId": "Unlit", "Date_Created": "2025-10-07T20:18:29Z", "Ward": "Guildhall", "Easting": 460989.92609492998, "Northing": 451873.01897907001 }, "geometry": { "type": "Point", "coordinates": [ -1.071976736882581, 53.959375469692745 ] } },
{ "type": "Feature", "properties": { "OBJECTID": 1854360971, "ReferenceNumber": "251007-000330", "ProductID": "Street Lighting", "CategoryId": "Hanging lantern or sign", "Date_Created": "2025-10-07T20:19:39Z", "Ward": "Huntington and New Earswick", "Easting": 460927.64644475997, "Northing": 454923.38977050001 }, "geometry": { "type": "Point", "coordinates": [ -1.072317507507447, 53.986794521670795 ] } },
{ "type": "Feature", "properties": { "OBJECTID": 1854360972, "ReferenceNumber": "251007-000333", "ProductID": "Street Lighting", "CategoryId": "Hanging lantern or sign", "Date_Created": "2025-10-07T20:19:41Z", "Ward": "Guildhall", "Easting": 460860.98184601997, "Northing": 452089.48914710002 }, "geometry": { "type": "Point", "coordinates": [ -1.07389856232335, 53.961335918871313 ] } },
{ "type": "Feature", "properties": { "OBJECTID": 1854360973, "ReferenceNumber": "251007-000337", "ProductID": "Street Lighting", "CategoryId": "Hanging lantern or sign", "Date_Created": "2025-10-07T20:19:44Z", "Ward": "Heworth", "Easting": 461056.38362912001, "Northing": 453945.96287827002 }, "geometry": { "type": "Point", "coordinates": [ -1.070549888205128, 53.977995924961867 ] } },
{ "type": "Feature", "properties": { "OBJECTID": 1854360974, "ReferenceNumber": "251007-000339", "ProductID": "Street Lighting", "CategoryId": "Hanging lantern or sign", "Date_Created": "2025-10-07T20:19:45Z", "Ward": "Hull Road", "Easting": 461859.01459823002, "Northing": 451606.19226028997 }, "geometry": { "type": "Point", "coordinates": [ -1.058787146316255, 53.956874722961167 ] } },
{ "type": "Feature", "properties": { "OBJECTID": 1854360977, "ReferenceNumber": "251007-000332", "ProductID": "Street Lighting", "CategoryId": "Hanging lantern or sign", "Date_Created": "2025-10-07T20:19:40Z", "Ward": "Guildhall", "Easting": 460869.73188752, "Northing": 452088.83922634 }, "geometry": { "type": "Point", "coordinates": [ -1.073765347703776, 53.961329051615401 ] } },
{ "type": "Feature", "properties": { "OBJECTID": 1854360978, "ReferenceNumber": "251007-000334", "ProductID": "Street Lighting", "CategoryId": "Hanging lantern or sign", "Date_Created": "2025-10-07T20:19:41Z", "Ward": "Guildhall", "Easting": 460365.38239351002, "Northing": 452841.97888548003 }, "geometry": { "type": "Point", "coordinates": [ -1.081302538294683, 53.968156071675644 ] } },
{ "type": "Feature", "properties": { "OBJECTID": 1854360979, "ReferenceNumber": "251007-000341", "ProductID": "Street Lighting", "CategoryId": "Hanging lantern or sign", "Date_Created": "2025-10-07T20:19:47Z", "Ward": "Guildhall", "Easting": 460283.70238012, "Northing": 452673.88027559 }, "geometry": { "type": "Point", "coordinates": [ -1.082580642523687, 53.966654965063022 ] } },
{ "type": "Feature", "properties": { "OBJECTID": 1854360980, "ReferenceNumber": "251007-000329", "ProductID": "Street Lighting", "CategoryId": "Hanging lantern or sign", "Date_Created": "2025-10-07T20:19:38Z", "Ward": "Guildhall", "Easting": 460374.38248914998, "Northing": 452831.97896978998 }, "geometry": { "type": "Point", "coordinates": [ -1.081167337161284, 53.968065160177183 ] } },
{ "type": "Feature", "properties": { "OBJECTID": 1854360981, "ReferenceNumber": "251007-000331", "ProductID": "Street Lighting", "CategoryId": "Hanging lantern or sign", "Date_Created": "2025-10-07T20:19:39Z", "Ward": "Guildhall", "Easting": 460872.57193419, "Northing": 452084.24928544997 }, "geometry": { "type": "Point", "coordinates": [ -1.073722982214793, 53.961287471286731 ] } },
{ "type": "Feature", "properties": { "OBJECTID": 1854360982, "ReferenceNumber": "251007-000335", "ProductID": "Street Lighting", "CategoryId": "Hanging lantern or sign", "Date_Created": "2025-10-07T20:19:42Z", "Ward": "Guildhall", "Easting": 460362.38240652002, "Northing": 452821.97919023002 }, "geometry": { "type": "Point", "coordinates": [ -1.081352214440172, 53.967976694848772 ] } },
{ "type": "Feature", "properties": { "OBJECTID": 1854360983, "ReferenceNumber": "251007-000344", "ProductID": "Street Lighting", "CategoryId": "Hanging lantern or sign", "Date_Created": "2025-10-07T20:19:49Z", "Ward": "Heworth", "Easting": 461146.18483163998, "Northing": 453870.98464932002 }, "geometry": { "type": "Point", "coordinates": [ -1.069195857263781, 53.977311554753669 ] } },
{ "type": "Feature", "properties": { "OBJECTID": 1854360984, "ReferenceNumber": "251007-000354", "ProductID": "Street Lighting", "CategoryId": "Hanging lantern or sign", "Date_Created": "2025-10-07T20:19:56Z", "Ward": "Heworth", "Easting": 462219.40140738001, "Northing": 451994.00048256002 }, "geometry": { "type": "Point", "coordinates": [ -1.053216913384487, 53.960316605404579 ] } },
{ "type": "Feature", "properties": { "OBJECTID": 1854360985, "ReferenceNumber": "251007-000340", "ProductID": "Street Lighting", "CategoryId": "Hanging lantern or sign", "Date_Created": "2025-10-07T20:19:46Z", "Ward": "Hull Road", "Easting": 461860.40444786003, "Northing": 451612.44220976002 }, "geometry": { "type": "Point", "coordinates": [ -1.058764706982893, 53.95693072140282 ] } },
{ "type": "Feature", "properties": { "OBJECTID": 1854360986, "ReferenceNumber": "251007-000343", "ProductID": "Street Lighting", "CategoryId": "Hanging lantern or sign", "Date_Created": "2025-10-07T20:19:48Z", "Ward": "Hull Road", "Easting": 463703.64858817001, "Northing": 451249.47229435999 }, "geometry": { "type": "Point", "coordinates": [ -1.030754055238572, 53.953445824852977 ] } },
{ "type": "Feature", "properties": { "OBJECTID": 1854360987, "ReferenceNumber": "251007-000347", "ProductID": "Street Lighting", "CategoryId": "Hanging lantern or sign", "Date_Created": "2025-10-07T20:19:51Z", "Ward": "Fishergate", "Easting": 461260.53820876998, "Northing": 451350.78978936002 }, "geometry": { "type": "Point", "coordinates": [ -1.067957497134034, 53.95465059499044 ] } },
{ "type": "Feature", "properties": { "OBJECTID": 1854360988, "ReferenceNumber": "251007-000349", "ProductID": "Street Lighting", "CategoryId": "Hanging lantern or sign", "Date_Created": "2025-10-07T20:19:53Z", "Ward": "Hull Road", "Easting": 461867.411784, "Northing": 451305.00555646 }, "geometry": { "type": "Point", "coordinates": [ -1.058720026901467, 53.954167132120922 ] } },
{ "type": "Feature", "properties": { "OBJECTID": 1854360989, "ReferenceNumber": "251007-000350", "ProductID": "Street Lighting", "CategoryId": "Hanging lantern or sign", "Date_Created": "2025-10-07T20:19:53Z", "Ward": "Guildhall", "Easting": 461283.12812051998, "Northing": 451360.63987980998 }, "geometry": { "type": "Point", "coordinates": [ -1.067611332165017, 53.954736443963277 ] } },
{ "type": "Feature", "properties": { "OBJECTID": 1854360990, "ReferenceNumber": "251007-000342", "ProductID": "Street Lighting", "CategoryId": "Hanging lantern or sign", "Date_Created": "2025-10-07T20:19:47Z", "Ward": "Hull Road", "Easting": 463775.88883582002, "Northing": 451258.87315861997 }, "geometry": { "type": "Point", "coordinates": [ -1.0296514415364, 53.95352143039247 ] } },
{ "type": "Feature", "properties": { "OBJECTID": 1854360991, "ReferenceNumber": "251007-000346", "ProductID": "Street Lighting", "CategoryId": "Hanging lantern or sign", "Date_Created": "2025-10-07T20:19:50Z", "Ward": "Guildhall", "Easting": 460856.39185213001, "Northing": 452086.20913317002 }, "geometry": { "type": "Point", "coordinates": [ -1.073969161175615, 53.961306981892442 ] } },
{ "type": "Feature", "properties": { "OBJECTID": 1854360992, "ReferenceNumber": "251007-000348", "ProductID": "Street Lighting", "CategoryId": "Hanging lantern or sign", "Date_Created": "2025-10-07T20:19:52Z", "Ward": "Hull Road", "Easting": 461842.40187648003, "Northing": 451297.50541858003 }, "geometry": { "type": "Point", "coordinates": [ -1.059102603263249, 53.954102714501069 ] } },
{ "type": "Feature", "properties": { "OBJECTID": 1854360993, "ReferenceNumber": "251007-000352", "ProductID": "Street Lighting", "CategoryId": "Hanging lantern or sign", "Date_Created": "2025-10-07T20:19:55Z", "Ward": "Huntington and New Earswick", "Easting": 460927.06275122002, "Northing": 455684.33076813997 }, "geometry": { "type": "Point", "coordinates": [ -1.072174505865768, 53.993632605293683 ] } },
{ "type": "Feature", "properties": { "OBJECTID": 1854360994, "ReferenceNumber": "251007-000356", "ProductID": "Street Lighting", "CategoryId": "Hanging lantern or sign", "Date_Created": "2025-10-07T20:19:57Z", "Ward": "Heworth", "Easting": 462163.40105594997, "Northing": 451989.00004641002 }, "geometry": { "type": "Point", "coordinates": [ -1.054071302847503, 53.960278385509447 ] } },
{ "type": "Feature", "properties": { "OBJECTID": 1854360995, "ReferenceNumber": "251007-000345", "ProductID": "Street Lighting", "CategoryId": "Hanging lantern or sign", "Date_Created": "2025-10-07T20:19:50Z", "Ward": "Guildhall", "Easting": 460866.67191986, "Northing": 452082.92924545001 }, "geometry": { "type": "Point", "coordinates": [ -1.073813155770201, 53.961276300750612 ] } },
{ "type": "Feature", "properties": { "OBJECTID": 1854360996, "ReferenceNumber": "251007-000351", "ProductID": "Street Lighting", "CategoryId": "Hanging lantern or sign", "Date_Created": "2025-10-07T20:19:54Z", "Ward": "Guildhall", "Easting": 460997.39396855002, "Northing": 451900.99172831001 }, "geometry": { "type": "Point", "coordinates": [ -1.071857358713643, 53.959625967113674 ] } },
{ "type": "Feature", "properties": { "OBJECTID": 1854360997, "ReferenceNumber": "251007-000355", "ProductID": "Street Lighting", "CategoryId": "Hanging lantern or sign", "Date_Created": "2025-10-07T20:19:57Z", "Ward": "Heworth", "Easting": 462190.40126950998, "Northing": 451983.00043964002 }, "geometry": { "type": "Point", "coordinates": [ -1.053661075109241, 53.960221233562976 ] } },
{ "type": "Feature", "properties": { "OBJECTID": 1854360998, "ReferenceNumber": "251007-000361", "ProductID": "Street Lighting", "CategoryId": "Hanging lantern or sign", "Date_Created": "2025-10-07T20:20:01Z", "Ward": "Heworth", "Easting": 462002.39989072998, "Northing": 451984.99881249003 }, "geometry": { "type": "Point", "coordinates": [ -1.056525565489248, 53.96026170495503 ] } },
{ "type": "Feature", "properties": { "OBJECTID": 1854360999, "ReferenceNumber": "251007-000365", "ProductID": "Street Lighting", "CategoryId": "Hanging lantern or sign", "Date_Created": "2025-10-07T20:20:04Z", "Ward": "Hull Road", "Easting": 462033.40678844001, "Northing": 451554.00440732 }, "geometry": { "type": "Point", "coordinates": [ -1.056140422434513, 53.956384913079525 ] } },
{ "type": "Feature", "properties": { "OBJECTID": 1854361000, "ReferenceNumber": "251007-000362", "ProductID": "Street Lighting", "CategoryId": "Hanging lantern or sign", "Date_Created": "2025-10-07T20:20:02Z", "Ward": "Heworth", "Easting": 461967.39959285001, "Northing": 451996.99838958 }, "geometry": { "type": "Point", "coordinates": [ -1.057056493012668, 53.96037372154462 ] } },
{ "type": "Feature", "properties": { "OBJECTID": 1854361001, "ReferenceNumber": "251007-000364", "ProductID": "Street Lighting", "CategoryId": "Hanging lantern or sign", "Date_Created": "2025-10-07T20:20:03Z", "Ward": "Clifton", "Easting": 459569.3746632, "Northing": 453233.96922024997 }, "geometry": { "type": "Point", "coordinates": [ -1.093358665950793, 53.971770755184302 ] } },
{ "type": "Feature", "properties": { "OBJECTID": 1854361002, "ReferenceNumber": "251007-000372", "ProductID": "Street Lighting", "CategoryId": "Hanging lantern or sign", "Date_Created": "2025-10-07T20:20:10Z", "Ward": "Hull Road", "Easting": 461936.40684921999, "Northing": 451526.00373959 }, "geometry": { "type": "Point", "coordinates": [ -1.057624101049962, 53.956144879206171 ] } },
{ "type": "Feature", "properties": { "OBJECTID": 1854361003, "ReferenceNumber": "251007-000374", "ProductID": "Street Lighting", "CategoryId": "Hanging lantern or sign", "Date_Created": "2025-10-07T20:20:11Z", "Ward": "Hull Road", "Easting": 461871.40680303, "Northing": 451518.00325352 }, "geometry": { "type": "Point", "coordinates": [ -1.058616134890992, 53.95608074188425 ] } },
{ "type": "Feature", "properties": { "OBJECTID": 1854361004, "ReferenceNumber": "251007-000382", "ProductID": "Street Lighting", "CategoryId": "Hanging lantern or sign", "Date_Created": "2025-10-07T20:20:18Z", "Ward": "Heworth", "Easting": 461187.38549845002, "Northing": 453821.96582659002 }, "geometry": { "type": "Point", "coordinates": [ -1.068577571961356, 53.97686619249545 ] } },
{ "type": "Feature", "properties": { "OBJECTID": 1854361005, "ReferenceNumber": "251007-000353", "ProductID": "Street Lighting", "CategoryId": "Hanging lantern or sign", "Date_Created": "2025-10-07T20:19:55Z", "Ward": "Fishergate", "Easting": 461201.40801061998, "Northing": 451354.99924844003 }, "geometry": { "type": "Point", "coordinates": [ -1.068857603123008, 53.954695402433877 ] } },
{ "type": "Feature", "properties": { "OBJECTID": 1854361006, "ReferenceNumber": "251007-000357", "ProductID": "Street Lighting", "CategoryId": "Hanging lantern or sign", "Date_Created": "2025-10-07T20:19:58Z", "Ward": "Heworth", "Easting": 462131.40088708, "Northing": 451979.99994483002 }, "geometry": { "type": "Point", "coordinates": [ -1.054560773390468, 53.960201342617623 ] } },
{ "type": "Feature", "properties": { "OBJECTID": 1854361007, "ReferenceNumber": "251007-000359", "ProductID": "Street Lighting", "CategoryId": "Hanging lantern or sign", "Date_Created": "2025-10-07T20:20:00Z", "Ward": "Heworth", "Easting": 462070.40032352001, "Northing": 451989.99924401997 }, "geometry": { "type": "Point", "coordinates": [ -1.05548831225872, 53.96029850520528 ] } },
{ "type": "Feature", "properties": { "OBJECTID": 1854361008, "ReferenceNumber": "251007-000360", "ProductID": "Street Lighting", "CategoryId": "Hanging lantern or sign", "Date_Created": "2025-10-07T20:20:00Z", "Ward": "Heworth", "Easting": 462039.40010927001, "Northing": 451990.99900113 }, "geometry": { "type": "Point", "coordinates": [ -1.055960512776504, 53.960311199563996 ] } },
{ "type": "Feature", "properties": { "OBJECTID": 1854361009, "ReferenceNumber": "251007-000363", "ProductID": "Street Lighting", "CategoryId": "Hanging lantern or sign", "Date_Created": "2025-10-07T20:20:02Z", "Ward": "Heworth", "Easting": 461835.39852667, "Northing": 452011.99723995 }, "geometry": { "type": "Point", "coordinates": [ -1.059064992768598, 53.960524264103448 ] } },
{ "type": "Feature", "properties": { "OBJECTID": 1854361010, "ReferenceNumber": "251007-000358", "ProductID": "Street Lighting", "CategoryId": "Hanging lantern or sign", "Date_Created": "2025-10-07T20:19:59Z", "Ward": "Heworth", "Easting": 462101.40053778997, "Northing": 451988.99948762998 }, "geometry": { "type": "Point", "coordinates": [ -1.055016112029208, 53.960285809896966 ] } },
{ "type": "Feature", "properties": { "OBJECTID": 1854361011, "ReferenceNumber": "251007-000366", "ProductID": "Street Lighting", "CategoryId": "Hanging lantern or sign", "Date_Created": "2025-10-07T20:20:05Z", "Ward": "Hull Road", "Easting": 462154.40589301003, "Northing": 451629.00462902 }, "geometry": { "type": "Point", "coordinates": [ -1.054281504484757, 53.95704440981303 ] } },
{ "type": "Feature", "properties": { "OBJECTID": 1854361012, "ReferenceNumber": "251007-000368", "ProductID": "Street Lighting", "CategoryId": "Hanging lantern or sign", "Date_Created": "2025-10-07T20:20:06Z", "Ward": "Heworth", "Easting": 460883.38443153002, "Northing": 453664.96935460001 }, "geometry": { "type": "Point", "coordinates": [ -1.073243303612909, 53.975491196773199 ] } },
{ "type": "Feature", "properties": { "OBJECTID": 1854361013, "ReferenceNumber": "251007-000375", "ProductID": "Street Lighting", "CategoryId": "Hanging lantern or sign", "Date_Created": "2025-10-07T20:20:12Z", "Ward": "Heworth", "Easting": 460872.38464681001, "Northing": 453601.97044939001 }, "geometry": { "type": "Point", "coordinates": [ -1.073423541899737, 53.974926359073628 ] } },
{ "type": "Feature", "properties": { "OBJECTID": 1854361014, "ReferenceNumber": "251007-000376", "ProductID": "Street Lighting", "CategoryId": "Hanging lantern or sign", "Date_Created": "2025-10-07T20:20:13Z", "Ward": "Hull Road", "Easting": 462726.33497333003, "Northing": 451286.77259220002 }, "geometry": { "type": "Point", "coordinates": [ -1.045636863650623, 53.953900121771213 ] } },
{ "type": "Feature", "properties": { "OBJECTID": 1854361015, "ReferenceNumber": "251007-000384", "ProductID": "Street Lighting", "CategoryId": "Hanging lantern or sign", "Date_Created": "2025-10-07T20:20:19Z", "Ward": "Heworth", "Easting": 461189.38503786997, "Northing": 453877.96448606998 }, "geometry": { "type": "Point", "coordinates": [ -1.068535873486075, 53.977369176435069 ] } },
{ "type": "Feature", "properties": { "OBJECTID": 1854361016, "ReferenceNumber": "251007-000391", "ProductID": "Street Lighting", "CategoryId": "Hanging lantern or sign", "Date_Created": "2025-10-07T20:20:24Z", "Ward": "Hull Road", "Easting": 463722.42003116, "Northing": 451143.02415274002 }, "geometry": { "type": "Point", "coordinates": [ -1.030490215237524, 53.952486943526075 ] } },
{ "type": "Feature", "properties": { "OBJECTID": 1854361020, "ReferenceNumber": "251007-000367", "ProductID": "Street Lighting", "CategoryId": "Hanging lantern or sign", "Date_Created": "2025-10-07T20:20:06Z", "Ward": "Guildhall", "Easting": 460303.38903468999, "Northing": 452101.98480725999 }, "geometry": { "type": "Point", "coordinates": [ -1.082393350239903, 53.961513347721635 ] } },
{ "type": "Feature", "properties": { "OBJECTID": 1854361021, "ReferenceNumber": "251007-000369", "ProductID": "Street Lighting", "CategoryId": "Hanging lantern or sign", "Date_Created": "2025-10-07T20:20:07Z", "Ward": "Heworth", "Easting": 460908.38430759002, "Northing": 453727.96782313002 }, "geometry": { "type": "Point", "coordinates": [ -1.07284963690569, 53.976054380695849 ] } },
{ "type": "Feature", "properties": { "OBJECTID": 1854361022, "ReferenceNumber": "251007-000370", "ProductID": "Street Lighting", "CategoryId": "Hanging lantern or sign", "Date_Created": "2025-10-07T20:20:08Z", "Ward": "Heworth", "Easting": 460898.38434498, "Northing": 453694.96867625997 }, "geometry": { "type": "Point", "coordinates": [ -1.073008660253028, 53.975759016470498 ] } },
{ "type": "Feature", "properties": { "OBJECTID": 1854361023, "ReferenceNumber": "251007-000373", "ProductID": "Street Lighting", "CategoryId": "Hanging lantern or sign", "Date_Created": "2025-10-07T20:20:10Z", "Ward": "Hull Road", "Easting": 462194.40587645001, "Northing": 451640.00497317 }, "geometry": { "type": "Point", "coordinates": [ -1.053669769767566, 53.957138468899096 ] } },
{ "type": "Feature", "properties": { "OBJECTID": 1854361024, "ReferenceNumber": "251007-000377", "ProductID": "Street Lighting", "CategoryId": "Hanging lantern or sign", "Date_Created": "2025-10-07T20:20:14Z", "Ward": "Hull Road", "Easting": 462739.41529946, "Northing": 451272.01283878001 }, "geometry": { "type": "Point", "coordinates": [ -1.045440592804466, 53.953765902466337 ] } },
{ "type": "Feature", "properties": { "OBJECTID": 1854361025, "ReferenceNumber": "251007-000378", "ProductID": "Street Lighting", "CategoryId": "Hanging lantern or sign", "Date_Created": "2025-10-07T20:20:15Z", "Ward": "Hull Road", "Easting": 461866.40355618001, "Northing": 451653.00175563002 }, "geometry": { "type": "Point", "coordinates": [ -1.058665101450662, 53.957294491247453 ] } },
{ "type": "Feature", "properties": { "OBJECTID": 1854361026, "ReferenceNumber": "251007-000385", "ProductID": "Street Lighting", "CategoryId": "Hanging lantern or sign", "Date_Created": "2025-10-07T20:20:20Z", "Ward": "Heworth", "Easting": 461159.38502872997, "Northing": 453867.96472252999 }, "geometry": { "type": "Point", "coordinates": [ -1.068995225203118, 53.977282858596553 ] } },
{ "type": "Feature", "properties": { "OBJECTID": 1854361027, "ReferenceNumber": "251007-000386", "ProductID": "Street Lighting", "CategoryId": "Hanging lantern or sign", "Date_Created": "2025-10-07T20:20:21Z", "Ward": "Heworth", "Easting": 461156.38516911998, "Northing": 453843.96539437998 }, "geometry": { "type": "Point", "coordinates": [ -1.069045761513861, 53.97706754825343 ] } },
{ "type": "Feature", "properties": { "OBJECTID": 1854361028, "ReferenceNumber": "251007-000388", "ProductID": "Street Lighting", "CategoryId": "Hanging lantern or sign", "Date_Created": "2025-10-07T20:20:22Z", "Ward": "Heworth", "Easting": 461087.38406623999, "Northing": 453920.96346380003 }, "geometry": { "type": "Point", "coordinates": [ -1.070082277990782, 53.977767617775015 ] } },
{ "type": "Feature", "properties": { "OBJECTID": 1854361029, "ReferenceNumber": "251007-000390", "ProductID": "Street Lighting", "CategoryId": "Hanging lantern or sign", "Date_Created": "2025-10-07T20:20:24Z", "Ward": "Huntington and New Earswick", "Easting": 460888.37374896999, "Northing": 455376.92865452002 }, "geometry": { "type": "Point", "coordinates": [ -1.072825888820971, 53.990874762974748 ] } },
{ "type": "Feature", "properties": { "OBJECTID": 1854361030, "ReferenceNumber": "251007-000371", "ProductID": "Street Lighting", "CategoryId": "Hanging lantern or sign", "Date_Created": "2025-10-07T20:20:09Z", "Ward": "Hull Road", "Easting": 461875.40285397001, "Northing": 451683.00163433998 }, "geometry": { "type": "Point", "coordinates": [ -1.058521912671039, 53.957563008356786 ] } },
{ "type": "Feature", "properties": { "OBJECTID": 1854361031, "ReferenceNumber": "251007-000381", "ProductID": "Street Lighting", "CategoryId": "Hanging lantern or sign", "Date_Created": "2025-10-07T20:20:17Z", "Ward": "Heworth", "Easting": 461186.38520011998, "Northing": 453865.96477313002 }, "geometry": { "type": "Point", "coordinates": [ -1.068584008843894, 53.977261698117083 ] } },
{ "type": "Feature", "properties": { "OBJECTID": 1854361032, "ReferenceNumber": "251007-000392", "ProductID": "Street Lighting", "CategoryId": "Hanging lantern or sign", "Date_Created": "2025-10-07T20:20:25Z", "Ward": "Hull Road", "Easting": 463912.07384948002, "Northing": 450888.98083065002 }, "geometry": { "type": "Point", "coordinates": [ -1.027653754474428, 53.950180708839007 ] } },
{ "type": "Feature", "properties": { "OBJECTID": 1854361039, "ReferenceNumber": "251007-000379", "ProductID": "Street Lighting", "CategoryId": "Hanging lantern or sign", "Date_Created": "2025-10-07T20:20:15Z", "Ward": "Hull Road", "Easting": 461950.40021055, "Northing": 451874.00002531998 }, "geometry": { "type": "Point", "coordinates": [ -1.057340463233781, 53.959270443151681 ] } },
{ "type": "Feature", "properties": { "OBJECTID": 1854361040, "ReferenceNumber": "251007-000380", "ProductID": "Street Lighting", "CategoryId": "Hanging lantern or sign", "Date_Created": "2025-10-07T20:20:16Z", "Ward": "Heworth", "Easting": 461863.39731509, "Northing": 452207.99473184999 }, "geometry": { "type": "Point", "coordinates": [ -1.058598665393603, 53.962282232697227 ] } },
{ "type": "Feature", "properties": { "OBJECTID": 1854361041, "ReferenceNumber": "251007-000383", "ProductID": "Street Lighting", "CategoryId": "Hanging lantern or sign", "Date_Created": "2025-10-07T20:20:19Z", "Ward": "Heworth", "Easting": 461218.38605684001, "Northing": 453778.9668393 }, "geometry": { "type": "Point", "coordinates": [ -1.068113590532547, 53.976476128167391 ] } },
{ "type": "Feature", "properties": { "OBJECTID": 1854361042, "ReferenceNumber": "251007-000387", "ProductID": "Street Lighting", "CategoryId": "Hanging lantern or sign", "Date_Created": "2025-10-07T20:20:22Z", "Ward": "Heworth", "Easting": 461106.38437889999, "Northing": 453904.96384122001 }, "geometry": { "type": "Point", "coordinates": [ -1.069795816307047, 53.977621598599789 ] } },
{ "type": "Feature", "properties": { "OBJECTID": 1854361043, "ReferenceNumber": "251007-000389", "ProductID": "Street Lighting", "CategoryId": "Hanging lantern or sign", "Date_Created": "2025-10-07T20:20:23Z", "Ward": "Heworth", "Easting": 462245.40161955002, "Northing": 451987.00078638998 }, "geometry": { "type": "Point", "coordinates": [ -1.052822128765381, 53.96025058336371 ] } },
{ "type": "Feature", "properties": { "OBJECTID": 1854361044, "ReferenceNumber": "251007-000393", "ProductID": "Street Lighting", "CategoryId": "Hanging lantern or sign", "Date_Created": "2025-10-07T20:20:26Z", "Ward": "Westfield", "Easting": 457012.42643291998, "Northing": 450580.97377456998 }, "geometry": { "type": "Point", "coordinates": [ -1.13282851542276, 53.948216845705446 ] } },
{ "type": "Feature", "properties": { "OBJECTID": 1854361045, "ReferenceNumber": "251007-000397", "ProductID": "Street Lighting", "CategoryId": "Hanging lantern or sign", "Date_Created": "2025-10-07T20:20:29Z", "Ward": "Hull Road", "Easting": 462365.40320449998, "Northing": 451874.00350132002 }, "geometry": { "type": "Point", "coordinates": [ -1.051016510256521, 53.959220733335229 ] } },
{ "type": "Feature", "properties": { "OBJECTID": 1854361046, "ReferenceNumber": "251007-000399", "ProductID": "Street Lighting", "CategoryId": "Hanging lantern or sign", "Date_Created": "2025-10-07T20:20:30Z", "Ward": "Hull Road", "Easting": 462278.40264932998, "Northing": 451872.00290243002 }, "geometry": { "type": "Point", "coordinates": [ -1.0523426595977, 53.959213211197742 ] } },
{ "type": "Feature", "properties": { "OBJECTID": 1854361047, "ReferenceNumber": "251007-000400", "ProductID": "Street Lighting", "CategoryId": "Hanging lantern or sign", "Date_Created": "2025-10-07T20:20:31Z", "Ward": "Hull Road", "Easting": 462253.40244785999, "Northing": 451878.00259579002 }, "geometry": { "type": "Point", "coordinates": [ -1.052722398941605, 53.959270128157762 ] } },
{ "type": "Feature", "properties": { "OBJECTID": 1854361052, "ReferenceNumber": "251007-000394", "ProductID": "Street Lighting", "CategoryId": "Hanging lantern or sign", "Date_Created": "2025-10-07T20:20:26Z", "Ward": "Guildhall", "Easting": 460375.38252695999, "Northing": 452816.97915016999 }, "geometry": { "type": "Point", "coordinates": [ -1.081155059327925, 53.967930248929854 ] } },
{ "type": "Feature", "properties": { "OBJECTID": 1854361053, "ReferenceNumber": "251007-000401", "ProductID": "Street Lighting", "CategoryId": "Hanging lantern or sign", "Date_Created": "2025-10-07T20:20:32Z", "Ward": "Hull Road", "Easting": 462229.15232512, "Northing": 451870.02251942997 }, "geometry": { "type": "Point", "coordinates": [ -1.053093554114906, 53.959201326668079 ] } },
{ "type": "Feature", "properties": { "OBJECTID": 1854361054, "ReferenceNumber": "251007-000396", "ProductID": "Street Lighting", "CategoryId": "Hanging lantern or sign", "Date_Created": "2025-10-07T20:20:28Z", "Ward": "Clifton", "Easting": 459659.37487678998, "Northing": 453784.96404783003 }, "geometry": { "type": "Point", "coordinates": [ -1.091879155565017, 53.976711901409942 ] } },
{ "type": "Feature", "properties": { "OBJECTID": 1854361055, "ReferenceNumber": "251007-000398", "ProductID": "Street Lighting", "CategoryId": "Hanging lantern or sign", "Date_Created": "2025-10-07T20:20:29Z", "Ward": "Hull Road", "Easting": 462354.00316090998, "Northing": 451869.09351686999 }, "geometry": { "type": "Point", "coordinates": [ -1.051191228088883, 53.959177981513271 ] } },
{ "type": "Feature", "properties": { "OBJECTID": 1854361056, "ReferenceNumber": "251007-000403", "ProductID": "Street Lighting", "CategoryId": "Hanging lantern or sign", "Date_Created": "2025-10-07T20:20:33Z", "Ward": "Hull Road", "Easting": 462162.40193966002, "Northing": 451857.00215632998 }, "geometry": { "type": "Point", "coordinates": [ -1.054113364535008, 53.959092326942432 ] } },
{ "type": "Feature", "properties": { "OBJECTID": 1854361062, "ReferenceNumber": "251007-000043", "ProductID": "Street Lighting", "CategoryId": "Flickering", "Date_Created": "2025-10-07T09:11:46Z", "Ward": "Heworth", "Easting": 461184.00448706001, "Northing": 452864.01310749998 }, "geometry": { "type": "Point", "coordinates": [ -1.068820951536903, 53.968258115411665 ] } },
{ "type": "Feature", "properties": { "OBJECTID": 1854361075, "ReferenceNumber": "251007-000407", "ProductID": "Street Lighting", "CategoryId": "Hanging lantern or sign", "Date_Created": "2025-10-07T20:20:36Z", "Ward": "Huntington and New Earswick", "Easting": 460921.37574589002, "Northing": 455035.93705393001 }, "geometry": { "type": "Point", "coordinates": [ -1.072390666655632, 53.987806639626562 ] } },
{ "type": "Feature", "properties": { "OBJECTID": 1854361076, "ReferenceNumber": "251007-000411", "ProductID": "Street Lighting", "CategoryId": "Hanging lantern or sign", "Date_Created": "2025-10-07T20:20:39Z", "Ward": "Huntington and New Earswick", "Easting": 460917.37346614001, "Northing": 455426.92742992 }, "geometry": { "type": "Point", "coordinates": [ -1.072373666993171, 53.991320652184136 ] } },
{ "type": "Feature", "properties": { "OBJECTID": 1854361077, "ReferenceNumber": "251007-000414", "ProductID": "Street Lighting", "CategoryId": "Hanging lantern or sign", "Date_Created": "2025-10-07T20:21:09Z", "Ward": "Guildhall", "Easting": 460872.57193419, "Northing": 452084.24928544997 }, "geometry": { "type": "Point", "coordinates": [ -1.073722982214793, 53.961287471286731 ] } },
{ "type": "Feature", "properties": { "OBJECTID": 1854361089, "ReferenceNumber": "251007-000395", "ProductID": "Street Lighting", "CategoryId": "Hanging lantern or sign", "Date_Created": "2025-10-07T20:20:27Z", "Ward": "Guildhall", "Easting": 460350.38240250002, "Northing": 452822.97898443002 }, "geometry": { "type": "Point", "coordinates": [ -1.081534916876561, 53.967987076474429 ] } },
{ "type": "Feature", "properties": { "OBJECTID": 1854361098, "ReferenceNumber": "251007-000428", "ProductID": "Street Lighting", "CategoryId": "Hanging lantern or sign", "Date_Created": "2025-10-07T20:21:20Z", "Ward": "Guildhall", "Easting": 460866.67191986, "Northing": 452082.92924545001 }, "geometry": { "type": "Point", "coordinates": [ -1.073813155770201, 53.961276300750612 ] } },
{ "type": "Feature", "properties": { "OBJECTID": 1854361099, "ReferenceNumber": "251007-000429", "ProductID": "Street Lighting", "CategoryId": "Hanging lantern or sign", "Date_Created": "2025-10-07T20:21:21Z", "Ward": "Guildhall", "Easting": 460856.39185213001, "Northing": 452086.20913317002 }, "geometry": { "type": "Point", "coordinates": [ -1.073969161175615, 53.961306981892442 ] } },
{ "type": "Feature", "properties": { "OBJECTID": 1854361100, "ReferenceNumber": "251007-000402", "ProductID": "Street Lighting", "CategoryId": "Hanging lantern or sign", "Date_Created": "2025-10-07T20:20:32Z", "Ward": "Hull Road", "Easting": 462197.19198365998, "Northing": 451874.65217820002 }, "geometry": { "type": "Point", "coordinates": [ -1.053579633383872, 53.959246764767883 ] } },
{ "type": "Feature", "properties": { "OBJECTID": 1854361101, "ReferenceNumber": "251007-000405", "ProductID": "Street Lighting", "CategoryId": "Hanging lantern or sign", "Date_Created": "2025-10-07T20:20:34Z", "Ward": "Hull Road", "Easting": 461997.40099821001, "Northing": 451822.00123858999 }, "geometry": { "type": "Point", "coordinates": [ -1.056634791471928, 53.95879754610899 ] } },
{ "type": "Feature", "properties": { "OBJECTID": 1854361102, "ReferenceNumber": "251007-000406", "ProductID": "Street Lighting", "CategoryId": "Hanging lantern or sign", "Date_Created": "2025-10-07T20:20:35Z", "Ward": "Hull Road", "Easting": 461947.40066023997, "Northing": 451802.00096853002 }, "geometry": { "type": "Point", "coordinates": [ -1.057400756818303, 53.958623791398196 ] } },
{ "type": "Feature", "properties": { "OBJECTID": 1854361103, "ReferenceNumber": "251007-000410", "ProductID": "Street Lighting", "CategoryId": "Hanging lantern or sign", "Date_Created": "2025-10-07T20:20:38Z", "Ward": "Huntington and New Earswick", "Easting": 460909.37331086001, "Northing": 455451.92681987002 }, "geometry": { "type": "Point", "coordinates": [ -1.072490681261828, 53.991546244782405 ] } },
{ "type": "Feature", "properties": { "OBJECTID": 1854361104, "ReferenceNumber": "251007-000412", "ProductID": "Street Lighting", "CategoryId": "Hanging lantern or sign", "Date_Created": "2025-10-07T20:21:07Z", "Ward": "Guildhall", "Easting": 460374.38248914998, "Northing": 452831.97896978998 }, "geometry": { "type": "Point", "coordinates": [ -1.081167337161284, 53.968065160177183 ] } },
{ "type": "Feature", "properties": { "OBJECTID": 1854361105, "ReferenceNumber": "251007-000408", "ProductID": "Street Lighting", "CategoryId": "Hanging lantern or sign", "Date_Created": "2025-10-07T20:20:37Z", "Ward": "Huntington and New Earswick", "Easting": 460915.37597971997, "Northing": 454994.93809852999 }, "geometry": { "type": "Point", "coordinates": [ -1.072490335437302, 53.987438917737066 ] } },
{ "type": "Feature", "properties": { "OBJECTID": 1854361106, "ReferenceNumber": "251007-000409", "ProductID": "Street Lighting", "CategoryId": "Hanging lantern or sign", "Date_Created": "2025-10-07T20:20:37Z", "Ward": "Huntington and New Earswick", "Easting": 460907.37552234001, "Northing": 455067.93628078001 }, "geometry": { "type": "Point", "coordinates": [ -1.072597768084012, 53.988095840331241 ] } },
{ "type": "Feature", "properties": { "OBJECTID": 1854361107, "ReferenceNumber": "251007-000415", "ProductID": "Street Lighting", "CategoryId": "Hanging lantern or sign", "Date_Created": "2025-10-07T20:21:10Z", "Ward": "Guildhall", "Easting": 460869.73188752, "Northing": 452088.83922634 }, "geometry": { "type": "Point", "coordinates": [ -1.073765347703776, 53.961329051615401 ] } },
{ "type": "Feature", "properties": { "OBJECTID": 1854361108, "ReferenceNumber": "251007-000418", "ProductID": "Street Lighting", "CategoryId": "Hanging lantern or sign", "Date_Created": "2025-10-07T20:21:12Z", "Ward": "Guildhall", "Easting": 460362.38240652002, "Northing": 452821.97919023002 }, "geometry": { "type": "Point", "coordinates": [ -1.081352214440172, 53.967976694848772 ] } },
{ "type": "Feature", "properties": { "OBJECTID": 1854361109, "ReferenceNumber": "251007-000419", "ProductID": "Street Lighting", "CategoryId": "Hanging lantern or sign", "Date_Created": "2025-10-07T20:21:13Z", "Ward": "Hull Road", "Easting": 463735.41938873997, "Northing": 451198.02351095999 }, "geometry": { "type": "Point", "coordinates": [ -1.030280707630018, 53.952979588234875 ] } },
{ "type": "Feature", "properties": { "OBJECTID": 1854361114, "ReferenceNumber": "251007-000404", "ProductID": "Street Lighting", "CategoryId": "Hanging lantern or sign", "Date_Created": "2025-10-07T20:20:34Z", "Ward": "Hull Road", "Easting": 462036.40108116, "Northing": 451838.00125412003 }, "geometry": { "type": "Point", "coordinates": [ -1.056037255027042, 53.95893666532762 ] } },
{ "type": "Feature", "properties": { "OBJECTID": 1854361115, "ReferenceNumber": "251007-000416", "ProductID": "Street Lighting", "CategoryId": "Hanging lantern or sign", "Date_Created": "2025-10-07T20:21:10Z", "Ward": "Guildhall", "Easting": 460860.98184601997, "Northing": 452089.48914710002 }, "geometry": { "type": "Point", "coordinates": [ -1.07389856232335, 53.961335918871313 ] } },
{ "type": "Feature", "properties": { "OBJECTID": 1854361116, "ReferenceNumber": "251007-000417", "ProductID": "Street Lighting", "CategoryId": "Hanging lantern or sign", "Date_Created": "2025-10-07T20:21:11Z", "Ward": "Guildhall", "Easting": 460365.38239351002, "Northing": 452841.97888548003 }, "geometry": { "type": "Point", "coordinates": [ -1.081302538294683, 53.968156071675644 ] } },
{ "type": "Feature", "properties": { "OBJECTID": 1854361117, "ReferenceNumber": "251007-000423", "ProductID": "Street Lighting", "CategoryId": "Hanging lantern or sign", "Date_Created": "2025-10-07T20:21:16Z", "Ward": "Hull Road", "Easting": 461860.40444786003, "Northing": 451612.44220976002 }, "geometry": { "type": "Point", "coordinates": [ -1.058764706982893, 53.95693072140282 ] } },
{ "type": "Feature", "properties": { "OBJECTID": 1854361118, "ReferenceNumber": "251007-000430", "ProductID": "Street Lighting", "CategoryId": "Hanging lantern or sign", "Date_Created": "2025-10-07T20:21:22Z", "Ward": "Fishergate", "Easting": 461260.53820876998, "Northing": 451350.78978936002 }, "geometry": { "type": "Point", "coordinates": [ -1.067957497134034, 53.95465059499044 ] } },
{ "type": "Feature", "properties": { "OBJECTID": 1854361119, "ReferenceNumber": "251007-000431", "ProductID": "Street Lighting", "CategoryId": "Hanging lantern or sign", "Date_Created": "2025-10-07T20:21:23Z", "Ward": "Hull Road", "Easting": 461842.40187648003, "Northing": 451297.50541858003 }, "geometry": { "type": "Point", "coordinates": [ -1.059102603263249, 53.954102714501069 ] } },
{ "type": "Feature", "properties": { "OBJECTID": 1854361120, "ReferenceNumber": "251007-000413", "ProductID": "Street Lighting", "CategoryId": "Hanging lantern or sign", "Date_Created": "2025-10-07T20:21:08Z", "Ward": "Huntington and New Earswick", "Easting": 460927.64644475997, "Northing": 454923.38977050001 }, "geometry": { "type": "Point", "coordinates": [ -1.072317507507447, 53.986794521670795 ] } },
{ "type": "Feature", "properties": { "OBJECTID": 1854361121, "ReferenceNumber": "251007-000420", "ProductID": "Street Lighting", "CategoryId": "Hanging lantern or sign", "Date_Created": "2025-10-07T20:21:14Z", "Ward": "Heworth", "Easting": 461056.38362912001, "Northing": 453945.96287827002 }, "geometry": { "type": "Point", "coordinates": [ -1.070549888205128, 53.977995924961867 ] } },
{ "type": "Feature", "properties": { "OBJECTID": 1854361122, "ReferenceNumber": "251007-000422", "ProductID": "Street Lighting", "CategoryId": "Hanging lantern or sign", "Date_Created": "2025-10-07T20:21:16Z", "Ward": "Hull Road", "Easting": 461859.01459823002, "Northing": 451606.19226028997 }, "geometry": { "type": "Point", "coordinates": [ -1.058787146316255, 53.956874722961167 ] } },
{ "type": "Feature", "properties": { "OBJECTID": 1854361123, "ReferenceNumber": "251007-000425", "ProductID": "Street Lighting", "CategoryId": "Hanging lantern or sign", "Date_Created": "2025-10-07T20:21:18Z", "Ward": "Hull Road", "Easting": 463775.88883582002, "Northing": 451258.87315861997 }, "geometry": { "type": "Point", "coordinates": [ -1.0296514415364, 53.95352143039247 ] } },
{ "type": "Feature", "properties": { "OBJECTID": 1854361124, "ReferenceNumber": "251007-000426", "ProductID": "Street Lighting", "CategoryId": "Hanging lantern or sign", "Date_Created": "2025-10-07T20:21:19Z", "Ward": "Hull Road", "Easting": 463703.64858817001, "Northing": 451249.47229435999 }, "geometry": { "type": "Point", "coordinates": [ -1.030754055238572, 53.953445824852977 ] } },
{ "type": "Feature", "properties": { "OBJECTID": 1854361125, "ReferenceNumber": "251007-000421", "ProductID": "Street Lighting", "CategoryId": "Hanging lantern or sign", "Date_Created": "2025-10-07T20:21:15Z", "Ward": "Huntington and New Earswick", "Easting": 461052.38369366003, "Northing": 453947.96283189999 }, "geometry": { "type": "Point", "coordinates": [ -1.070610467868273, 53.978014368150333 ] } },
{ "type": "Feature", "properties": { "OBJECTID": 1854361126, "ReferenceNumber": "251007-000424", "ProductID": "Street Lighting", "CategoryId": "Hanging lantern or sign", "Date_Created": "2025-10-07T20:21:17Z", "Ward": "Guildhall", "Easting": 460283.70238012, "Northing": 452673.88027559 }, "geometry": { "type": "Point", "coordinates": [ -1.082580642523687, 53.966654965063022 ] } },
{ "type": "Feature", "properties": { "OBJECTID": 1854361127, "ReferenceNumber": "251007-000435", "ProductID": "Street Lighting", "CategoryId": "Hanging lantern or sign", "Date_Created": "2025-10-07T20:21:25Z", "Ward": "Huntington and New Earswick", "Easting": 460927.06275122002, "Northing": 455684.33076813997 }, "geometry": { "type": "Point", "coordinates": [ -1.072174505865768, 53.993632605293683 ] } },
{ "type": "Feature", "properties": { "OBJECTID": 1854361128, "ReferenceNumber": "251007-000441", "ProductID": "Street Lighting", "CategoryId": "Hanging lantern or sign", "Date_Created": "2025-10-07T20:21:30Z", "Ward": "Heworth", "Easting": 462101.40053778997, "Northing": 451988.99948762998 }, "geometry": { "type": "Point", "coordinates": [ -1.055016112029208, 53.960285809896966 ] } },
{ "type": "Feature", "properties": { "OBJECTID": 1854361129, "ReferenceNumber": "251007-000444", "ProductID": "Street Lighting", "CategoryId": "Hanging lantern or sign", "Date_Created": "2025-10-07T20:21:32Z", "Ward": "Heworth", "Easting": 462002.39989072998, "Northing": 451984.99881249003 }, "geometry": { "type": "Point", "coordinates": [ -1.056525565489248, 53.96026170495503 ] } },
{ "type": "Feature", "properties": { "OBJECTID": 1854361133, "ReferenceNumber": "251007-000046", "ProductID": "Street Lighting", "CategoryId": "Missing parts", "Date_Created": "2025-10-07T10:20:11Z", "Ward": "Guildhall", "Easting": 460997.8177, "Northing": 451464.2461 }, "geometry": { "type": "Point", "coordinates": [ -1.071937895517338, 53.955701124901942 ] } },
{ "type": "Feature", "properties": { "OBJECTID": 1854361135, "ReferenceNumber": "251007-000434", "ProductID": "Street Lighting", "CategoryId": "Hanging lantern or sign", "Date_Created": "2025-10-07T20:21:25Z", "Ward": "Guildhall", "Easting": 460997.39396855002, "Northing": 451900.99172831001 }, "geometry": { "type": "Point", "coordinates": [ -1.071857358713643, 53.959625967113674 ] } },
{ "type": "Feature", "properties": { "OBJECTID": 1854361136, "ReferenceNumber": "251007-000445", "ProductID": "Street Lighting", "CategoryId": "Hanging lantern or sign", "Date_Created": "2025-10-07T20:21:33Z", "Ward": "Heworth", "Easting": 461967.39959285001, "Northing": 451996.99838958 }, "geometry": { "type": "Point", "coordinates": [ -1.057056493012668, 53.96037372154462 ] } },
{ "type": "Feature", "properties": { "OBJECTID": 1854361137, "ReferenceNumber": "251007-000448", "ProductID": "Street Lighting", "CategoryId": "Hanging lantern or sign", "Date_Created": "2025-10-07T20:21:35Z", "Ward": "Hull Road", "Easting": 462033.40678844001, "Northing": 451554.00440732 }, "geometry": { "type": "Point", "coordinates": [ -1.056140422434513, 53.956384913079525 ] } },
{ "type": "Feature", "properties": { "OBJECTID": 1854361138, "ReferenceNumber": "251007-000449", "ProductID": "Street Lighting", "CategoryId": "Hanging lantern or sign", "Date_Created": "2025-10-07T20:21:36Z", "Ward": "Hull Road", "Easting": 462154.40589301003, "Northing": 451629.00462902 }, "geometry": { "type": "Point", "coordinates": [ -1.054281504484757, 53.95704440981303 ] } },
{ "type": "Feature", "properties": { "OBJECTID": 1854361139, "ReferenceNumber": "251007-000455", "ProductID": "Street Lighting", "CategoryId": "Hanging lantern or sign", "Date_Created": "2025-10-07T20:21:40Z", "Ward": "Hull Road", "Easting": 461936.40684921999, "Northing": 451526.00373959 }, "geometry": { "type": "Point", "coordinates": [ -1.057624101049962, 53.956144879206171 ] } },
{ "type": "Feature", "properties": { "OBJECTID": 1854361140, "ReferenceNumber": "251007-000427", "ProductID": "Street Lighting", "CategoryId": "Hanging lantern or sign", "Date_Created": "2025-10-07T20:21:20Z", "Ward": "Heworth", "Easting": 461146.18483163998, "Northing": 453870.98464932002 }, "geometry": { "type": "Point", "coordinates": [ -1.069195857263781, 53.977311554753669 ] } },
{ "type": "Feature", "properties": { "OBJECTID": 1854361141, "ReferenceNumber": "251007-000433", "ProductID": "Street Lighting", "CategoryId": "Hanging lantern or sign", "Date_Created": "2025-10-07T20:21:24Z", "Ward": "Guildhall", "Easting": 461283.12812051998, "Northing": 451360.63987980998 }, "geometry": { "type": "Point", "coordinates": [ -1.067611332165017, 53.954736443963277 ] } },
{ "type": "Feature", "properties": { "OBJECTID": 1854361142, "ReferenceNumber": "251007-000438", "ProductID": "Street Lighting", "CategoryId": "Hanging lantern or sign", "Date_Created": "2025-10-07T20:21:27Z", "Ward": "Heworth", "Easting": 462190.40126950998, "Northing": 451983.00043964002 }, "geometry": { "type": "Point", "coordinates": [ -1.053661075109241, 53.960221233562976 ] } },
{ "type": "Feature", "properties": { "OBJECTID": 1854361143, "ReferenceNumber": "251007-000439", "ProductID": "Street Lighting", "CategoryId": "Hanging lantern or sign", "Date_Created": "2025-10-07T20:21:28Z", "Ward": "Heworth", "Easting": 462163.40105594997, "Northing": 451989.00004641002 }, "geometry": { "type": "Point", "coordinates": [ -1.054071302847503, 53.960278385509447 ] } },
{ "type": "Feature", "properties": { "OBJECTID": 1854361144, "ReferenceNumber": "251007-000440", "ProductID": "Street Lighting", "CategoryId": "Hanging lantern or sign", "Date_Created": "2025-10-07T20:21:29Z", "Ward": "Heworth", "Easting": 462131.40088708, "Northing": 451979.99994483002 }, "geometry": { "type": "Point", "coordinates": [ -1.054560773390468, 53.960201342617623 ] } },
{ "type": "Feature", "properties": { "OBJECTID": 1854361145, "ReferenceNumber": "251007-000458", "ProductID": "Street Lighting", "CategoryId": "Hanging lantern or sign", "Date_Created": "2025-10-07T20:21:42Z", "Ward": "Heworth", "Easting": 460872.38464681001, "Northing": 453601.97044939001 }, "geometry": { "type": "Point", "coordinates": [ -1.073423541899737, 53.974926359073628 ] } },
{ "type": "Feature", "properties": { "OBJECTID": 1854361146, "ReferenceNumber": "251007-000459", "ProductID": "Street Lighting", "CategoryId": "Hanging lantern or sign", "Date_Created": "2025-10-07T20:21:43Z", "Ward": "Hull Road", "Easting": 462726.33497333003, "Northing": 451286.77259220002 }, "geometry": { "type": "Point", "coordinates": [ -1.045636863650623, 53.953900121771213 ] } },
{ "type": "Feature", "properties": { "OBJECTID": 1854361147, "ReferenceNumber": "251007-000465", "ProductID": "Street Lighting", "CategoryId": "Hanging lantern or sign", "Date_Created": "2025-10-07T20:21:47Z", "Ward": "Heworth", "Easting": 461187.38549845002, "Northing": 453821.96582659002 }, "geometry": { "type": "Point", "coordinates": [ -1.068577571961356, 53.97686619249545 ] } },
{ "type": "Feature", "properties": { "OBJECTID": 1854361150, "ReferenceNumber": "251007-000432", "ProductID": "Street Lighting", "CategoryId": "Hanging lantern or sign", "Date_Created": "2025-10-07T20:21:23Z", "Ward": "Hull Road", "Easting": 461867.411784, "Northing": 451305.00555646 }, "geometry": { "type": "Point", "coordinates": [ -1.058720026901467, 53.954167132120922 ] } },
{ "type": "Feature", "properties": { "OBJECTID": 1854361151, "ReferenceNumber": "251007-000436", "ProductID": "Street Lighting", "CategoryId": "Hanging lantern or sign", "Date_Created": "2025-10-07T20:21:26Z", "Ward": "Fishergate", "Easting": 461201.40801061998, "Northing": 451354.99924844003 }, "geometry": { "type": "Point", "coordinates": [ -1.068857603123008, 53.954695402433877 ] } },
{ "type": "Feature", "properties": { "OBJECTID": 1854361152, "ReferenceNumber": "251007-000437", "ProductID": "Street Lighting", "CategoryId": "Hanging lantern or sign", "Date_Created": "2025-10-07T20:21:27Z", "Ward": "Heworth", "Easting": 462219.40140738001, "Northing": 451994.00048256002 }, "geometry": { "type": "Point", "coordinates": [ -1.053216913384487, 53.960316605404579 ] } },
{ "type": "Feature", "properties": { "OBJECTID": 1854361153, "ReferenceNumber": "251007-000443", "ProductID": "Street Lighting", "CategoryId": "Hanging lantern or sign", "Date_Created": "2025-10-07T20:21:31Z", "Ward": "Heworth", "Easting": 462039.40010927001, "Northing": 451990.99900113 }, "geometry": { "type": "Point", "coordinates": [ -1.055960512776504, 53.960311199563996 ] } },
{ "type": "Feature", "properties": { "OBJECTID": 1854361154, "ReferenceNumber": "251007-000453", "ProductID": "Street Lighting", "CategoryId": "Hanging lantern or sign", "Date_Created": "2025-10-07T20:21:38Z", "Ward": "Heworth", "Easting": 460898.38434498, "Northing": 453694.96867625997 }, "geometry": { "type": "Point", "coordinates": [ -1.073008660253028, 53.975759016470498 ] } },
{ "type": "Feature", "properties": { "OBJECTID": 1854361155, "ReferenceNumber": "251007-000442", "ProductID": "Street Lighting", "CategoryId": "Hanging lantern or sign", "Date_Created": "2025-10-07T20:21:30Z", "Ward": "Heworth", "Easting": 462070.40032352001, "Northing": 451989.99924401997 }, "geometry": { "type": "Point", "coordinates": [ -1.05548831225872, 53.96029850520528 ] } },
{ "type": "Feature", "properties": { "OBJECTID": 1854361156, "ReferenceNumber": "251007-000446", "ProductID": "Street Lighting", "CategoryId": "Hanging lantern or sign", "Date_Created": "2025-10-07T20:21:33Z", "Ward": "Heworth", "Easting": 461835.39852667, "Northing": 452011.99723995 }, "geometry": { "type": "Point", "coordinates": [ -1.059064992768598, 53.960524264103448 ] } },
{ "type": "Feature", "properties": { "OBJECTID": 1854361157, "ReferenceNumber": "251007-000447", "ProductID": "Street Lighting", "CategoryId": "Hanging lantern or sign", "Date_Created": "2025-10-07T20:21:34Z", "Ward": "Clifton", "Easting": 459569.3746632, "Northing": 453233.96922024997 }, "geometry": { "type": "Point", "coordinates": [ -1.093358665950793, 53.971770755184302 ] } },
{ "type": "Feature", "properties": { "OBJECTID": 1854361158, "ReferenceNumber": "251007-000450", "ProductID": "Street Lighting", "CategoryId": "Hanging lantern or sign", "Date_Created": "2025-10-07T20:21:36Z", "Ward": "Guildhall", "Easting": 460303.38903468999, "Northing": 452101.98480725999 }, "geometry": { "type": "Point", "coordinates": [ -1.082393350239903, 53.961513347721635 ] } },
{ "type": "Feature", "properties": { "OBJECTID": 1854361159, "ReferenceNumber": "251007-000452", "ProductID": "Street Lighting", "CategoryId": "Hanging lantern or sign", "Date_Created": "2025-10-07T20:21:38Z", "Ward": "Heworth", "Easting": 460908.38430759002, "Northing": 453727.96782313002 }, "geometry": { "type": "Point", "coordinates": [ -1.07284963690569, 53.976054380695849 ] } },
{ "type": "Feature", "properties": { "OBJECTID": 1854361163, "ReferenceNumber": "251007-000469", "ProductID": "Street Lighting", "CategoryId": "Hanging lantern or sign", "Date_Created": "2025-10-07T20:21:50Z", "Ward": "Heworth", "Easting": 461156.38516911998, "Northing": 453843.96539437998 }, "geometry": { "type": "Point", "coordinates": [ -1.069045761513861, 53.97706754825343 ] } },
{ "type": "Feature", "properties": { "OBJECTID": 1854361164, "ReferenceNumber": "251007-000470", "ProductID": "Street Lighting", "CategoryId": "Hanging lantern or sign", "Date_Created": "2025-10-07T20:21:51Z", "Ward": "Heworth", "Easting": 461106.38437889999, "Northing": 453904.96384122001 }, "geometry": { "type": "Point", "coordinates": [ -1.069795816307047, 53.977621598599789 ] } },
{ "type": "Feature", "properties": { "OBJECTID": 1854361165, "ReferenceNumber": "251007-000456", "ProductID": "Street Lighting", "CategoryId": "Hanging lantern or sign", "Date_Created": "2025-10-07T20:21:40Z", "Ward": "Hull Road", "Easting": 462194.40587645001, "Northing": 451640.00497317 }, "geometry": { "type": "Point", "coordinates": [ -1.053669769767566, 53.957138468899096 ] } },
{ "type": "Feature", "properties": { "OBJECTID": 1854361166, "ReferenceNumber": "251007-000457", "ProductID": "Street Lighting", "CategoryId": "Hanging lantern or sign", "Date_Created": "2025-10-07T20:21:41Z", "Ward": "Hull Road", "Easting": 461871.40680303, "Northing": 451518.00325352 }, "geometry": { "type": "Point", "coordinates": [ -1.058616134890992, 53.95608074188425 ] } },
{ "type": "Feature", "properties": { "OBJECTID": 1854361167, "ReferenceNumber": "251007-000460", "ProductID": "Street Lighting", "CategoryId": "Hanging lantern or sign", "Date_Created": "2025-10-07T20:21:43Z", "Ward": "Hull Road", "Easting": 462739.41529946, "Northing": 451272.01283878001 }, "geometry": { "type": "Point", "coordinates": [ -1.045440592804466, 53.953765902466337 ] } },
{ "type": "Feature", "properties": { "OBJECTID": 1854361168, "ReferenceNumber": "251007-000461", "ProductID": "Street Lighting", "CategoryId": "Hanging lantern or sign", "Date_Created": "2025-10-07T20:21:45Z", "Ward": "Hull Road", "Easting": 461866.40355618001, "Northing": 451653.00175563002 }, "geometry": { "type": "Point", "coordinates": [ -1.058665101450662, 53.957294491247453 ] } },
{ "type": "Feature", "properties": { "OBJECTID": 1854361169, "ReferenceNumber": "251007-000081", "ProductID": "Street Lighting", "CategoryId": "Flickering", "Date_Created": "2025-10-07T10:19:11Z", "Ward": "Haxby and Wigginton", "Easting": 460022.9878, "Northing": 458082.9955 }, "geometry": { "type": "Point", "coordinates": [ -1.085489902056225, 54.015293322181385 ] } },
{ "type": "Feature", "properties": { "OBJECTID": 1854361170, "ReferenceNumber": "251007-000451", "ProductID": "Street Lighting", "CategoryId": "Hanging lantern or sign", "Date_Created": "2025-10-07T20:21:37Z", "Ward": "Heworth", "Easting": 460883.38443153002, "Northing": 453664.96935460001 }, "geometry": { "type": "Point", "coordinates": [ -1.073243303612909, 53.975491196773199 ] } },
{ "type": "Feature", "properties": { "OBJECTID": 1854361171, "ReferenceNumber": "251007-000454", "ProductID": "Street Lighting", "CategoryId": "Hanging lantern or sign", "Date_Created": "2025-10-07T20:21:39Z", "Ward": "Hull Road", "Easting": 461875.40285397001, "Northing": 451683.00163433998 }, "geometry": { "type": "Point", "coordinates": [ -1.058521912671039, 53.957563008356786 ] } },
{ "type": "Feature", "properties": { "OBJECTID": 1854361172, "ReferenceNumber": "251007-000464", "ProductID": "Street Lighting", "CategoryId": "Hanging lantern or sign", "Date_Created": "2025-10-07T20:21:47Z", "Ward": "Heworth", "Easting": 461186.38520011998, "Northing": 453865.96477313002 }, "geometry": { "type": "Point", "coordinates": [ -1.068584008843894, 53.977261698117083 ] } },
{ "type": "Feature", "properties": { "OBJECTID": 1854361173, "ReferenceNumber": "251007-000473", "ProductID": "Street Lighting", "CategoryId": "Hanging lantern or sign", "Date_Created": "2025-10-07T20:21:53Z", "Ward": "Huntington and New Earswick", "Easting": 460888.37374896999, "Northing": 455376.92865452002 }, "geometry": { "type": "Point", "coordinates": [ -1.072825888820971, 53.990874762974748 ] } },
{ "type": "Feature", "properties": { "OBJECTID": 1854361180, "ReferenceNumber": "251007-000472", "ProductID": "Street Lighting", "CategoryId": "Hanging lantern or sign", "Date_Created": "2025-10-07T20:21:52Z", "Ward": "Heworth", "Easting": 462245.40161955002, "Northing": 451987.00078638998 }, "geometry": { "type": "Point", "coordinates": [ -1.052822128765381, 53.96025058336371 ] } },
{ "type": "Feature", "properties": { "OBJECTID": 1854361181, "ReferenceNumber": "251007-000475", "ProductID": "Street Lighting", "CategoryId": "Hanging lantern or sign", "Date_Created": "2025-10-07T20:21:54Z", "Ward": "Hull Road", "Easting": 463912.07384948002, "Northing": 450888.98083065002 }, "geometry": { "type": "Point", "coordinates": [ -1.027653754474428, 53.950180708839007 ] } },
{ "type": "Feature", "properties": { "OBJECTID": 1854361182, "ReferenceNumber": "251007-000476", "ProductID": "Street Lighting", "CategoryId": "Hanging lantern or sign", "Date_Created": "2025-10-07T20:21:55Z", "Ward": "Westfield", "Easting": 457012.42643291998, "Northing": 450580.97377456998 }, "geometry": { "type": "Point", "coordinates": [ -1.13282851542276, 53.948216845705446 ] } },
{ "type": "Feature", "properties": { "OBJECTID": 1854361189, "ReferenceNumber": "251007-000462", "ProductID": "Street Lighting", "CategoryId": "Hanging lantern or sign", "Date_Created": "2025-10-07T20:21:45Z", "Ward": "Hull Road", "Easting": 461950.40021055, "Northing": 451874.00002531998 }, "geometry": { "type": "Point", "coordinates": [ -1.057340463233781, 53.959270443151681 ] } },
{ "type": "Feature", "properties": { "OBJECTID": 1854361204, "ReferenceNumber": "251007-000466", "ProductID": "Street Lighting", "CategoryId": "Hanging lantern or sign", "Date_Created": "2025-10-07T20:21:48Z", "Ward": "Heworth", "Easting": 461218.38605684001, "Northing": 453778.9668393 }, "geometry": { "type": "Point", "coordinates": [ -1.068113590532547, 53.976476128167391 ] } },
{ "type": "Feature", "properties": { "OBJECTID": 1854361205, "ReferenceNumber": "251007-000467", "ProductID": "Street Lighting", "CategoryId": "Hanging lantern or sign", "Date_Created": "2025-10-07T20:21:49Z", "Ward": "Heworth", "Easting": 461189.38503786997, "Northing": 453877.96448606998 }, "geometry": { "type": "Point", "coordinates": [ -1.068535873486075, 53.977369176435069 ] } },
{ "type": "Feature", "properties": { "OBJECTID": 1854361206, "ReferenceNumber": "251007-000471", "ProductID": "Street Lighting", "CategoryId": "Hanging lantern or sign", "Date_Created": "2025-10-07T20:21:52Z", "Ward": "Heworth", "Easting": 461087.38406623999, "Northing": 453920.96346380003 }, "geometry": { "type": "Point", "coordinates": [ -1.070082277990782, 53.977767617775015 ] } },
{ "type": "Feature", "properties": { "OBJECTID": 1854361207, "ReferenceNumber": "251007-000477", "ProductID": "Street Lighting", "CategoryId": "Hanging lantern or sign", "Date_Created": "2025-10-07T20:21:56Z", "Ward": "Guildhall", "Easting": 460375.38252695999, "Northing": 452816.97915016999 }, "geometry": { "type": "Point", "coordinates": [ -1.081155059327925, 53.967930248929854 ] } },
{ "type": "Feature", "properties": { "OBJECTID": 1854361249, "ReferenceNumber": "251007-000480", "ProductID": "Street Lighting", "CategoryId": "Hanging lantern or sign", "Date_Created": "2025-10-07T20:21:58Z", "Ward": "Hull Road", "Easting": 462365.40320449998, "Northing": 451874.00350132002 }, "geometry": { "type": "Point", "coordinates": [ -1.051016510256521, 53.959220733335229 ] } },
{ "type": "Feature", "properties": { "OBJECTID": 1854361250, "ReferenceNumber": "251007-000463", "ProductID": "Street Lighting", "CategoryId": "Hanging lantern or sign", "Date_Created": "2025-10-07T20:21:46Z", "Ward": "Heworth", "Easting": 461863.39731509, "Northing": 452207.99473184999 }, "geometry": { "type": "Point", "coordinates": [ -1.058598665393603, 53.962282232697227 ] } },
{ "type": "Feature", "properties": { "OBJECTID": 1854361251, "ReferenceNumber": "251007-000468", "ProductID": "Street Lighting", "CategoryId": "Hanging lantern or sign", "Date_Created": "2025-10-07T20:21:49Z", "Ward": "Heworth", "Easting": 461159.38502872997, "Northing": 453867.96472252999 }, "geometry": { "type": "Point", "coordinates": [ -1.068995225203118, 53.977282858596553 ] } },
{ "type": "Feature", "properties": { "OBJECTID": 1854361252, "ReferenceNumber": "251007-000478", "ProductID": "Street Lighting", "CategoryId": "Hanging lantern or sign", "Date_Created": "2025-10-07T20:21:57Z", "Ward": "Guildhall", "Easting": 460350.38240250002, "Northing": 452822.97898443002 }, "geometry": { "type": "Point", "coordinates": [ -1.081534916876561, 53.967987076474429 ] } },
{ "type": "Feature", "properties": { "OBJECTID": 1854361253, "ReferenceNumber": "251007-000479", "ProductID": "Street Lighting", "CategoryId": "Hanging lantern or sign", "Date_Created": "2025-10-07T20:21:57Z", "Ward": "Clifton", "Easting": 459659.37487678998, "Northing": 453784.96404783003 }, "geometry": { "type": "Point", "coordinates": [ -1.091879155565017, 53.976711901409942 ] } },
{ "type": "Feature", "properties": { "OBJECTID": 1854361254, "ReferenceNumber": "251007-000488", "ProductID": "Street Lighting", "CategoryId": "Hanging lantern or sign", "Date_Created": "2025-10-07T20:22:05Z", "Ward": "Hull Road", "Easting": 461997.40099821001, "Northing": 451822.00123858999 }, "geometry": { "type": "Point", "coordinates": [ -1.056634791471928, 53.95879754610899 ] } },
{ "type": "Feature", "properties": { "OBJECTID": 1854361266, "ReferenceNumber": "251007-000482", "ProductID": "Street Lighting", "CategoryId": "Hanging lantern or sign", "Date_Created": "2025-10-07T20:22:00Z", "Ward": "Hull Road", "Easting": 462278.40264932998, "Northing": 451872.00290243002 }, "geometry": { "type": "Point", "coordinates": [ -1.0523426595977, 53.959213211197742 ] } },
{ "type": "Feature", "properties": { "OBJECTID": 1854361267, "ReferenceNumber": "251007-000485", "ProductID": "Street Lighting", "CategoryId": "Hanging lantern or sign", "Date_Created": "2025-10-07T20:22:02Z", "Ward": "Hull Road", "Easting": 462197.19198365998, "Northing": 451874.65217820002 }, "geometry": { "type": "Point", "coordinates": [ -1.053579633383872, 53.959246764767883 ] } },
{ "type": "Feature", "properties": { "OBJECTID": 1854361268, "ReferenceNumber": "251007-000486", "ProductID": "Street Lighting", "CategoryId": "Hanging lantern or sign", "Date_Created": "2025-10-07T20:22:03Z", "Ward": "Hull Road", "Easting": 462162.40193966002, "Northing": 451857.00215632998 }, "geometry": { "type": "Point", "coordinates": [ -1.054113364535008, 53.959092326942432 ] } },
{ "type": "Feature", "properties": { "OBJECTID": 1854361269, "ReferenceNumber": "251007-000494", "ProductID": "Street Lighting", "CategoryId": "Hanging lantern or sign", "Date_Created": "2025-10-07T20:22:09Z", "Ward": "Huntington and New Earswick", "Easting": 460917.37346614001, "Northing": 455426.92742992 }, "geometry": { "type": "Point", "coordinates": [ -1.072373666993171, 53.991320652184136 ] } },
{ "type": "Feature", "properties": { "OBJECTID": 1854361270, "ReferenceNumber": "251007-000500", "ProductID": "Street Lighting", "CategoryId": "Hanging lantern or sign", "Date_Created": "2025-10-07T20:22:13Z", "Ward": "Heworth", "Easting": 462124.40059906, "Northing": 452006.99948812003 }, "geometry": { "type": "Point", "coordinates": [ -1.05466196283988, 53.960444809248614 ] } },
{ "type": "Feature", "properties": { "OBJECTID": 1854361271, "ReferenceNumber": "251007-000489", "ProductID": "Street Lighting", "CategoryId": "Hanging lantern or sign", "Date_Created": "2025-10-07T20:22:06Z", "Ward": "Hull Road", "Easting": 461947.40066023997, "Northing": 451802.00096853002 }, "geometry": { "type": "Point", "coordinates": [ -1.057400756818303, 53.958623791398196 ] } },
{ "type": "Feature", "properties": { "OBJECTID": 1854361272, "ReferenceNumber": "251007-000490", "ProductID": "Street Lighting", "CategoryId": "Hanging lantern or sign", "Date_Created": "2025-10-07T20:22:06Z", "Ward": "Huntington and New Earswick", "Easting": 460921.37574589002, "Northing": 455035.93705393001 }, "geometry": { "type": "Point", "coordinates": [ -1.072390666655632, 53.987806639626562 ] } },
{ "type": "Feature", "properties": { "OBJECTID": 1854361273, "ReferenceNumber": "251007-000491", "ProductID": "Street Lighting", "CategoryId": "Hanging lantern or sign", "Date_Created": "2025-10-07T20:22:07Z", "Ward": "Huntington and New Earswick", "Easting": 460915.37597971997, "Northing": 454994.93809852999 }, "geometry": { "type": "Point", "coordinates": [ -1.072490335437302, 53.987438917737066 ] } },
{ "type": "Feature", "properties": { "OBJECTID": 1854361274, "ReferenceNumber": "251007-000492", "ProductID": "Street Lighting", "CategoryId": "Hanging lantern or sign", "Date_Created": "2025-10-07T20:22:08Z", "Ward": "Huntington and New Earswick", "Easting": 460907.37552234001, "Northing": 455067.93628078001 }, "geometry": { "type": "Point", "coordinates": [ -1.072597768084012, 53.988095840331241 ] } },
{ "type": "Feature", "properties": { "OBJECTID": 1854361275, "ReferenceNumber": "251007-000496", "ProductID": "Street Lighting", "CategoryId": "Hanging lantern or sign", "Date_Created": "2025-10-07T20:22:11Z", "Ward": "Huntington and New Earswick", "Easting": 460883.60448415001, "Northing": 455252.18180203001 }, "geometry": { "type": "Point", "coordinates": [ -1.072923501236647, 53.989754315517573 ] } },
{ "type": "Feature", "properties": { "OBJECTID": 1854361282, "ReferenceNumber": "251007-000501", "ProductID": "Street Lighting", "CategoryId": "Hanging lantern or sign", "Date_Created": "2025-10-07T20:22:14Z", "Ward": "Hull Road", "Easting": 462888.41538060002, "Northing": 451290.01380954997 }, "geometry": { "type": "Point", "coordinates": [ -1.043166696389859, 53.953909620782696 ] } },
{ "type": "Feature", "properties": { "OBJECTID": 1854361283, "ReferenceNumber": "251007-000504", "ProductID": "Street Lighting", "CategoryId": "Hanging lantern or sign", "Date_Created": "2025-10-07T20:22:16Z", "Ward": "Fishergate", "Easting": 461762.41108062002, "Northing": 451316.00444927003 }, "geometry": { "type": "Point", "coordinates": [ -1.060317648573909, 53.954278484768352 ] } },
{ "type": "Feature", "properties": { "OBJECTID": 1854361284, "ReferenceNumber": "251007-000505", "ProductID": "Street Lighting", "CategoryId": "Hanging lantern or sign", "Date_Created": "2025-10-07T20:22:17Z", "Ward": "Hull Road", "Easting": 462443.40368499001, "Northing": 451874.00396070001 }, "geometry": { "type": "Point", "coordinates": [ -1.049827915724487, 53.959211350153225 ] } },
{ "type": "Feature", "properties": { "OBJECTID": 1854361285, "ReferenceNumber": "251007-000507", "ProductID": "Street Lighting", "CategoryId": "Hanging lantern or sign", "Date_Created": "2025-10-07T20:22:19Z", "Ward": "Heworth", "Easting": 460756.38198687998, "Northing": 453917.96356089 }, "geometry": { "type": "Point", "coordinates": [ -1.075129053794814, 53.977779592765557 ] } },
{ "type": "Feature", "properties": { "OBJECTID": 1854361286, "ReferenceNumber": "251007-000508", "ProductID": "Street Lighting", "CategoryId": "Hanging lantern or sign", "Date_Created": "2025-10-07T20:22:19Z", "Ward": "Guildhall", "Easting": 460963.39349896001, "Northing": 451940.99114077998 }, "geometry": { "type": "Point", "coordinates": [ -1.072367501071682, 53.959989418137958 ] } },
{ "type": "Feature", "properties": { "OBJECTID": 1854361287, "ReferenceNumber": "251007-000497", "ProductID": "Street Lighting", "CategoryId": "Hanging lantern or sign", "Date_Created": "2025-10-07T20:22:11Z", "Ward": "Huntington and New Earswick", "Easting": 460866.37486519001, "Northing": 455165.93400976999 }, "geometry": { "type": "Point", "coordinates": [ -1.073203441125875, 53.988981296147216 ] } },
{ "type": "Feature", "properties": { "OBJECTID": 1854361288, "ReferenceNumber": "251007-000503", "ProductID": "Street Lighting", "CategoryId": "Hanging lantern or sign", "Date_Created": "2025-10-07T20:22:16Z", "Ward": "Hull Road", "Easting": 462808.41530595999, "Northing": 451287.01317296003 }, "geometry": { "type": "Point", "coordinates": [ -1.044386215920805, 53.953892350472181 ] } },
{ "type": "Feature", "properties": { "OBJECTID": 1854361289, "ReferenceNumber": "251007-000510", "ProductID": "Street Lighting", "CategoryId": "Hanging lantern or sign", "Date_Created": "2025-10-07T20:22:21Z", "Ward": "Guildhall", "Easting": 460877.39192589, "Northing": 452087.98919784999 }, "geometry": { "type": "Point", "coordinates": [ -1.07364878514397, 53.961320513985555 ] } },
{ "type": "Feature", "properties": { "OBJECTID": 1854361290, "ReferenceNumber": "251007-000511", "ProductID": "Street Lighting", "CategoryId": "Hanging lantern or sign", "Date_Created": "2025-10-07T20:22:21Z", "Ward": "Guildhall", "Easting": 460872.39206445997, "Northing": 452066.98931555997 }, "geometry": { "type": "Point", "coordinates": [ -1.073729157911978, 53.961132385980385 ] } },
{ "type": "Feature", "properties": { "OBJECTID": 1854361291, "ReferenceNumber": "251007-000518", "ProductID": "Street Lighting", "CategoryId": "Hanging lantern or sign", "Date_Created": "2025-10-07T20:22:27Z", "Ward": "Heworth", "Easting": 461793.39672776998, "Northing": 452231.99405427999 }, "geometry": { "type": "Point", "coordinates": [ -1.059660585667542, 53.962506248709964 ] } },
{ "type": "Feature", "properties": { "OBJECTID": 1854361292, "ReferenceNumber": "251007-000474", "ProductID": "Street Lighting", "CategoryId": "Hanging lantern or sign", "Date_Created": "2025-10-07T20:21:54Z", "Ward": "Hull Road", "Easting": 463722.42003116, "Northing": 451143.02415274002 }, "geometry": { "type": "Point", "coordinates": [ -1.030490215237524, 53.952486943526075 ] } },
{ "type": "Feature", "properties": { "OBJECTID": 1854361293, "ReferenceNumber": "251007-000483", "ProductID": "Street Lighting", "CategoryId": "Hanging lantern or sign", "Date_Created": "2025-10-07T20:22:00Z", "Ward": "Hull Road", "Easting": 462253.40244785999, "Northing": 451878.00259579002 }, "geometry": { "type": "Point", "coordinates": [ -1.052722398941605, 53.959270128157762 ] } },
{ "type": "Feature", "properties": { "OBJECTID": 1854361294, "ReferenceNumber": "251007-000484", "ProductID": "Street Lighting", "CategoryId": "Hanging lantern or sign", "Date_Created": "2025-10-07T20:22:01Z", "Ward": "Hull Road", "Easting": 462229.15232512, "Northing": 451870.02251942997 }, "geometry": { "type": "Point", "coordinates": [ -1.053093554114906, 53.959201326668079 ] } },
{ "type": "Feature", "properties": { "OBJECTID": 1854361295, "ReferenceNumber": "251007-000495", "ProductID": "Street Lighting", "CategoryId": "Hanging lantern or sign", "Date_Created": "2025-10-07T20:22:10Z", "Ward": "Huntington and New Earswick", "Easting": 460879.37413836998, "Northing": 455292.93078723003 }, "geometry": { "type": "Point", "coordinates": [ -1.072979885251629, 53.990120994332564 ] } },
{ "type": "Feature", "properties": { "OBJECTID": 1854361296, "ReferenceNumber": "251007-000506", "ProductID": "Street Lighting", "CategoryId": "Hanging lantern or sign", "Date_Created": "2025-10-07T20:22:18Z", "Ward": "Fishergate", "Easting": 461145.40737882, "Northing": 451368.99863648001 }, "geometry": { "type": "Point", "coordinates": [ -1.069708072186447, 53.954827811554949 ] } },
{ "type": "Feature", "properties": { "OBJECTID": 1854361301, "ReferenceNumber": "251007-000481", "ProductID": "Street Lighting", "CategoryId": "Hanging lantern or sign", "Date_Created": "2025-10-07T20:21:59Z", "Ward": "Hull Road", "Easting": 462354.00316090998, "Northing": 451869.09351686999 }, "geometry": { "type": "Point", "coordinates": [ -1.051191228088883, 53.959177981513271 ] } },
{ "type": "Feature", "properties": { "OBJECTID": 1854361302, "ReferenceNumber": "251007-000514", "ProductID": "Street Lighting", "CategoryId": "Hanging lantern or sign", "Date_Created": "2025-10-07T20:22:24Z", "Ward": "Guildhall", "Easting": 461106.40356059, "Northing": 451495.99686936999 }, "geometry": { "type": "Point", "coordinates": [ -1.070277036126811, 53.95597367075132 ] } },
{ "type": "Feature", "properties": { "OBJECTID": 1854361303, "ReferenceNumber": "251007-000515", "ProductID": "Street Lighting", "CategoryId": "Hanging lantern or sign", "Date_Created": "2025-10-07T20:22:24Z", "Ward": "Guildhall", "Easting": 460321.38230366999, "Northing": 452740.97975982999 }, "geometry": { "type": "Point", "coordinates": [ -1.081993114449659, 53.967253569949882 ] } },
{ "type": "Feature", "properties": { "OBJECTID": 1854361304, "ReferenceNumber": "251007-000517", "ProductID": "Street Lighting", "CategoryId": "Hanging lantern or sign", "Date_Created": "2025-10-07T20:22:26Z", "Ward": "Heworth", "Easting": 461660.39583484002, "Northing": 452213.99355422001 }, "geometry": { "type": "Point", "coordinates": [ -1.061691089771158, 53.962360324665028 ] } },
{ "type": "Feature", "properties": { "OBJECTID": 1854361305, "ReferenceNumber": "251007-000523", "ProductID": "Street Lighting", "CategoryId": "Hanging lantern or sign", "Date_Created": "2025-10-07T20:22:30Z", "Ward": "Hull Road", "Easting": 463736.41913857003, "Northing": 451216.02328666003 }, "geometry": { "type": "Point", "coordinates": [ -1.03026172801428, 53.953141217340978 ] } },
{ "type": "Feature", "properties": { "OBJECTID": 1854361317, "ReferenceNumber": "251007-000487", "ProductID": "Street Lighting", "CategoryId": "Hanging lantern or sign", "Date_Created": "2025-10-07T20:22:04Z", "Ward": "Hull Road", "Easting": 462036.40108116, "Northing": 451838.00125412003 }, "geometry": { "type": "Point", "coordinates": [ -1.056037255027042, 53.95893666532762 ] } },
{ "type": "Feature", "properties": { "OBJECTID": 1854361318, "ReferenceNumber": "251007-000493", "ProductID": "Street Lighting", "CategoryId": "Hanging lantern or sign", "Date_Created": "2025-10-07T20:22:09Z", "Ward": "Huntington and New Earswick", "Easting": 460909.37331086001, "Northing": 455451.92681987002 }, "geometry": { "type": "Point", "coordinates": [ -1.072490681261828, 53.991546244782405 ] } },
{ "type": "Feature", "properties": { "OBJECTID": 1854361319, "ReferenceNumber": "251007-000498", "ProductID": "Street Lighting", "CategoryId": "Hanging lantern or sign", "Date_Created": "2025-10-07T20:22:12Z", "Ward": "Huntington and New Earswick", "Easting": 460919.37298317999, "Northing": 455489.92584091 }, "geometry": { "type": "Point", "coordinates": [ -1.072330600321951, 53.991886536830478 ] } },
{ "type": "Feature", "properties": { "OBJECTID": 1854361320, "ReferenceNumber": "251007-000499", "ProductID": "Street Lighting", "CategoryId": "Hanging lantern or sign", "Date_Created": "2025-10-07T20:22:13Z", "Ward": "Huntington and New Earswick", "Easting": 460938.94713637, "Northing": 454799.18276951002 }, "geometry": { "type": "Point", "coordinates": [ -1.072169981067772, 53.985677034284308 ] } },
{ "type": "Feature", "properties": { "OBJECTID": 1854361321, "ReferenceNumber": "251007-000502", "ProductID": "Street Lighting", "CategoryId": "Hanging lantern or sign", "Date_Created": "2025-10-07T20:22:15Z", "Ward": "Hull Road", "Easting": 462863.41532695998, "Northing": 451289.01354259998 }, "geometry": { "type": "Point", "coordinates": [ -1.043547810242147, 53.953903662490681 ] } },
{ "type": "Feature", "properties": { "OBJECTID": 1854361327, "ReferenceNumber": "251007-000513", "ProductID": "Street Lighting", "CategoryId": "Hanging lantern or sign", "Date_Created": "2025-10-07T20:22:23Z", "Ward": "Guildhall", "Easting": 460899.39250898, "Northing": 452034.98988791998 }, "geometry": { "type": "Point", "coordinates": [ -1.073324069724685, 53.960841654523591 ] } },
{ "type": "Feature", "properties": { "OBJECTID": 1854361328, "ReferenceNumber": "251007-000520", "ProductID": "Street Lighting", "CategoryId": "Hanging lantern or sign", "Date_Created": "2025-10-07T20:22:28Z", "Ward": "Hull Road", "Easting": 461895.40242803999, "Northing": 451709.00145109999 }, "geometry": { "type": "Point", "coordinates": [ -1.058211911190939, 53.957794267910629 ] } },
{ "type": "Feature", "properties": { "OBJECTID": 1854361329, "ReferenceNumber": "251007-000521", "ProductID": "Street Lighting", "CategoryId": "Hanging lantern or sign", "Date_Created": "2025-10-07T20:22:29Z", "Ward": "Hull Road", "Easting": 461850.40490848001, "Northing": 451592.00222721999 }, "geometry": { "type": "Point", "coordinates": [ -1.058921201869266, 53.956748231576711 ] } },
{ "type": "Feature", "properties": { "OBJECTID": 1854361330, "ReferenceNumber": "251007-000524", "ProductID": "Street Lighting", "CategoryId": "Hanging lantern or sign", "Date_Created": "2025-10-07T20:22:31Z", "Ward": "Hull Road", "Easting": 461856.41151136003, "Northing": 451314.00527219998 }, "geometry": { "type": "Point", "coordinates": [ -1.058885815241095, 53.954249319088945 ] } },
{ "type": "Feature", "properties": { "OBJECTID": 1854361331, "ReferenceNumber": "251007-000525", "ProductID": "Street Lighting", "CategoryId": "Hanging lantern or sign", "Date_Created": "2025-10-07T20:22:32Z", "Ward": "Hull Road", "Easting": 461854.40399159997, "Northing": 451629.00199075998 }, "geometry": { "type": "Point", "coordinates": [ -1.058852793763086, 53.957080250252297 ] } },
{ "type": "Feature", "properties": { "OBJECTID": 1854361332, "ReferenceNumber": "251007-000522", "ProductID": "Street Lighting", "CategoryId": "Hanging lantern or sign", "Date_Created": "2025-10-07T20:22:30Z", "Ward": "Hull Road", "Easting": 462206.41340403998, "Northing": 451284.00865007 }, "geometry": { "type": "Point", "coordinates": [ -1.05355911515903, 53.95393790163341 ] } },
{ "type": "Feature", "properties": { "OBJECTID": 1854361333, "ReferenceNumber": "251007-000526", "ProductID": "Street Lighting", "CategoryId": "Hanging lantern or sign", "Date_Created": "2025-10-07T20:22:33Z", "Ward": "Rawcliffe and Clifton Without", "Easting": 459298.37207191001, "Northing": 453778.96231218003 }, "geometry": { "type": "Point", "coordinates": [ -1.09738376440117, 53.976699400736841 ] } },
{ "type": "Feature", "properties": { "OBJECTID": 1854361334, "ReferenceNumber": "251007-000529", "ProductID": "Street Lighting", "CategoryId": "Hanging lantern or sign", "Date_Created": "2025-10-07T20:22:35Z", "Ward": "Hull Road", "Easting": 462461.40430311998, "Northing": 451804.0051828 }, "geometry": { "type": "Point", "coordinates": [ -1.049567915441746, 53.958580150417546 ] } },
{ "type": "Feature", "properties": { "OBJECTID": 1854361335, "ReferenceNumber": "251007-000530", "ProductID": "Street Lighting", "CategoryId": "Hanging lantern or sign", "Date_Created": "2025-10-07T20:22:36Z", "Ward": "Huntington and New Earswick", "Easting": 460852.37857558002, "Northing": 454516.94994988001 }, "geometry": { "type": "Point", "coordinates": [ -1.07354622546855, 53.983150993863831 ] } },
{ "type": "Feature", "properties": { "OBJECTID": 1854361336, "ReferenceNumber": "251007-000531", "ProductID": "Street Lighting", "CategoryId": "Hanging lantern or sign", "Date_Created": "2025-10-07T20:22:36Z", "Ward": "Huntington and New Earswick", "Easting": 460850.37891666999, "Northing": 454474.9510154 }, "geometry": { "type": "Point", "coordinates": [ -1.073585084136798, 53.982773814333896 ] } },
{ "type": "Feature", "properties": { "OBJECTID": 1854361337, "ReferenceNumber": "251007-000509", "ProductID": "Street Lighting", "CategoryId": "Hanging lantern or sign", "Date_Created": "2025-10-07T20:22:20Z", "Ward": "Guildhall", "Easting": 461029.39453510998, "Northing": 451841.99244061997 }, "geometry": { "type": "Point", "coordinates": [ -1.071381493907021, 53.959092007354883 ] } },
{ "type": "Feature", "properties": { "OBJECTID": 1854361338, "ReferenceNumber": "251007-000512", "ProductID": "Street Lighting", "CategoryId": "Hanging lantern or sign", "Date_Created": "2025-10-07T20:22:22Z", "Ward": "Guildhall", "Easting": 460898.39222027001, "Northing": 452059.98968920001 }, "geometry": { "type": "Point", "coordinates": [ -1.07333433476312, 53.961066431838049 ] } },
{ "type": "Feature", "properties": { "OBJECTID": 1854361339, "ReferenceNumber": "251007-000516", "ProductID": "Street Lighting", "CategoryId": "Hanging lantern or sign", "Date_Created": "2025-10-07T20:22:25Z", "Ward": "Guildhall", "Easting": 460294.38211796997, "Northing": 452711.97994023003 }, "geometry": { "type": "Point", "coordinates": [ -1.082410357637749, 53.966996104223959 ] } },
{ "type": "Feature", "properties": { "OBJECTID": 1854361340, "ReferenceNumber": "251007-000519", "ProductID": "Street Lighting", "CategoryId": "Hanging lantern or sign", "Date_Created": "2025-10-07T20:22:27Z", "Ward": "Guildhall", "Easting": 460361.38248609001, "Northing": 452775.97970566002 }, "geometry": { "type": "Point", "coordinates": [ -1.081376541547636, 53.967563439443865 ] } },
{ "type": "Feature", "properties": { "OBJECTID": 1854361342, "ReferenceNumber": "251007-000534", "ProductID": "Street Lighting", "CategoryId": "Hanging lantern or sign", "Date_Created": "2025-10-07T20:22:39Z", "Ward": "Huntington and New Earswick", "Easting": 460830.37945193, "Northing": 454368.95337240997 }, "geometry": { "type": "Point", "coordinates": [ -1.073911128501527, 53.981823638229535 ] } },
{ "type": "Feature", "properties": { "OBJECTID": 1854361343, "ReferenceNumber": "251007-000535", "ProductID": "Street Lighting", "CategoryId": "Hanging lantern or sign", "Date_Created": "2025-10-07T20:22:39Z", "Ward": "Huntington and New Earswick", "Easting": 460826.37969794002, "Northing": 454340.95401709998 }, "geometry": { "type": "Point", "coordinates": [ -1.073977688720416, 53.98157249709169 ] } },
{ "type": "Feature", "properties": { "OBJECTID": 1854361344, "ReferenceNumber": "251007-000537", "ProductID": "Street Lighting", "CategoryId": "Hanging lantern or sign", "Date_Created": "2025-10-07T20:22:41Z", "Ward": "Hull Road", "Easting": 462113.40611780999, "Northing": 451605.00450447999 }, "geometry": { "type": "Point", "coordinates": [ -1.054911107488278, 53.956833646743092 ] } },
{ "type": "Feature", "properties": { "OBJECTID": 1854361345, "ReferenceNumber": "251007-000539", "ProductID": "Street Lighting", "CategoryId": "Hanging lantern or sign", "Date_Created": "2025-10-07T20:22:42Z", "Ward": "Hull Road", "Easting": 462487.40518658998, "Northing": 451761.00587220001 }, "geometry": { "type": "Point", "coordinates": [ -1.049180489033035, 53.9581906094635 ] } },
{ "type": "Feature", "properties": { "OBJECTID": 1854361346, "ReferenceNumber": "251007-000543", "ProductID": "Street Lighting", "CategoryId": "Hanging lantern or sign", "Date_Created": "2025-10-07T20:22:45Z", "Ward": "Hull Road", "Easting": 462127.40511643997, "Northing": 451655.00423661998 }, "geometry": { "type": "Point", "coordinates": [ -1.054687654978768, 53.957281287716057 ] } },
{ "type": "Feature", "properties": { "OBJECTID": 1854361352, "ReferenceNumber": "251007-000538", "ProductID": "Street Lighting", "CategoryId": "Hanging lantern or sign", "Date_Created": "2025-10-07T20:22:42Z", "Ward": "Hull Road", "Easting": 462399.40322948998, "Northing": 451907.00313839997 }, "geometry": { "type": "Point", "coordinates": [ -1.050491674094467, 53.9595131878581 ] } },
{ "type": "Feature", "properties": { "OBJECTID": 1854361353, "ReferenceNumber": "251007-000542", "ProductID": "Street Lighting", "CategoryId": "Hanging lantern or sign", "Date_Created": "2025-10-07T20:22:45Z", "Ward": "Hull Road", "Easting": 462117.40458574001, "Northing": 451679.00381283998 }, "geometry": { "type": "Point", "coordinates": [ -1.054835170497531, 53.957498155667388 ] } },
{ "type": "Feature", "properties": { "OBJECTID": 1854361354, "ReferenceNumber": "251007-000546", "ProductID": "Street Lighting", "CategoryId": "Hanging lantern or sign", "Date_Created": "2025-10-07T20:22:48Z", "Ward": "Guildhall", "Easting": 460890.39229311002, "Northing": 452045.98972805002 }, "geometry": { "type": "Point", "coordinates": [ -1.073459033117439, 53.960941560657417 ] } },
{ "type": "Feature", "properties": { "OBJECTID": 1854361355, "ReferenceNumber": "251007-000549", "ProductID": "Street Lighting", "CategoryId": "Hanging lantern or sign", "Date_Created": "2025-10-07T20:22:50Z", "Ward": "Hull Road", "Easting": 462332.46297604998, "Northing": 451878.82322694 }, "geometry": { "type": "Point", "coordinates": [ -1.051517480360377, 53.959268005709092 ] } },
{ "type": "Feature", "properties": { "OBJECTID": 1854361356, "ReferenceNumber": "251007-000552", "ProductID": "Street Lighting", "CategoryId": "Hanging lantern or sign", "Date_Created": "2025-10-07T20:22:52Z", "Ward": "Westfield", "Easting": 457044.42670493003, "Northing": 450569.97407658998 }, "geometry": { "type": "Point", "coordinates": [ -1.132343052752383, 53.948114479213253 ] } },
{ "type": "Feature", "properties": { "OBJECTID": 1854361361, "ReferenceNumber": "251007-000528", "ProductID": "Street Lighting", "CategoryId": "Hanging lantern or sign", "Date_Created": "2025-10-07T20:22:34Z", "Ward": "Hull Road", "Easting": 461855.40674498002, "Northing": 451513.00326442003 }, "geometry": { "type": "Point", "coordinates": [ -1.058860940916339, 53.956037718119966 ] } },
{ "type": "Feature", "properties": { "OBJECTID": 1854361362, "ReferenceNumber": "251007-000556", "ProductID": "Street Lighting", "CategoryId": "Hanging lantern or sign", "Date_Created": "2025-10-07T20:22:55Z", "Ward": "Westfield", "Easting": 457162.43065018998, "Northing": 450417.97686473001 }, "geometry": { "type": "Point", "coordinates": [ -1.130573661391362, 53.946735557367845 ] } },
{ "type": "Feature", "properties": { "OBJECTID": 1854361363, "ReferenceNumber": "251007-000559", "ProductID": "Street Lighting", "CategoryId": "Hanging lantern or sign", "Date_Created": "2025-10-07T20:22:57Z", "Ward": "Westfield", "Easting": 457215.43282364, "Northing": 450330.97832380998 }, "geometry": { "type": "Point", "coordinates": [ -1.129782462062314, 53.945947895587331 ] } },
{ "type": "Feature", "properties": { "OBJECTID": 1854361364, "ReferenceNumber": "251007-000562", "ProductID": "Street Lighting", "CategoryId": "Hanging lantern or sign", "Date_Created": "2025-10-07T20:22:59Z", "Ward": "Guildhall", "Easting": 460837.83154957998, "Northing": 452114.92875600001 }, "geometry": { "type": "Point", "coordinates": [ -1.074246291967152, 53.961567248212752 ] } },
{ "type": "Feature", "properties": { "OBJECTID": 1854361365, "ReferenceNumber": "251007-000566", "ProductID": "Street Lighting", "CategoryId": "Hanging lantern or sign", "Date_Created": "2025-10-07T20:23:02Z", "Ward": "Huntington and New Earswick", "Easting": 460936.37696672999, "Northing": 454841.94179966999 }, "geometry": { "type": "Point", "coordinates": [ -1.072200635992089, 53.986061580621787 ] } },
{ "type": "Feature", "properties": { "OBJECTID": 1854361366, "ReferenceNumber": "251007-000569", "ProductID": "Street Lighting", "CategoryId": "Hanging lantern or sign", "Date_Created": "2025-10-07T20:23:05Z", "Ward": "Huntington and New Earswick", "Easting": 460910.37772537, "Northing": 454684.94570549001 }, "geometry": { "type": "Point", "coordinates": [ -1.072628396552008, 53.984653830904776 ] } },
{ "type": "Feature", "properties": { "OBJECTID": 1854361379, "ReferenceNumber": "251007-000527", "ProductID": "Street Lighting", "CategoryId": "Hanging lantern or sign", "Date_Created": "2025-10-07T20:22:34Z", "Ward": "Heworth", "Easting": 461943.39925914002, "Northing": 452010.99802618998 }, "geometry": { "type": "Point", "coordinates": [ -1.05741939146203, 53.960502394700733 ] } },
{ "type": "Feature", "properties": { "OBJECTID": 1854361380, "ReferenceNumber": "251007-000533", "ProductID": "Street Lighting", "CategoryId": "Hanging lantern or sign", "Date_Created": "2025-10-07T20:22:38Z", "Ward": "Huntington and New Earswick", "Easting": 460830.37923934998, "Northing": 454404.95255097997 }, "geometry": { "type": "Point", "coordinates": [ -1.073903962344028, 53.982147137837323 ] } },
{ "type": "Feature", "properties": { "OBJECTID": 1854361381, "ReferenceNumber": "251007-000544", "ProductID": "Street Lighting", "CategoryId": "Hanging lantern or sign", "Date_Created": "2025-10-07T20:22:46Z", "Ward": "Hull Road", "Easting": 462137.40557900001, "Northing": 451638.00449139002 }, "geometry": { "type": "Point", "coordinates": [ -1.054538720692326, 53.957127323521163 ] } },
{ "type": "Feature", "properties": { "OBJECTID": 1854361382, "ReferenceNumber": "251007-000545", "ProductID": "Street Lighting", "CategoryId": "Hanging lantern or sign", "Date_Created": "2025-10-07T20:22:47Z", "Ward": "Guildhall", "Easting": 460858.39191599999, "Northing": 452078.98920527002 }, "geometry": { "type": "Point", "coordinates": [ -1.073940119745996, 53.961241865802542 ] } },
{ "type": "Feature", "properties": { "OBJECTID": 1854361383, "ReferenceNumber": "251007-000547", "ProductID": "Street Lighting", "CategoryId": "Hanging lantern or sign", "Date_Created": "2025-10-07T20:22:48Z", "Ward": "Guildhall", "Easting": 460937.39314967999, "Northing": 451978.99063412001 }, "geometry": { "type": "Point", "coordinates": [ -1.072756139497258, 53.96033395501469 ] } },
{ "type": "Feature", "properties": { "OBJECTID": 1854361384, "ReferenceNumber": "251007-000532", "ProductID": "Street Lighting", "CategoryId": "Hanging lantern or sign", "Date_Created": "2025-10-07T20:22:37Z", "Ward": "Huntington and New Earswick", "Easting": 460844.37906756002, "Northing": 454444.95161289 }, "geometry": { "type": "Point", "coordinates": [ -1.073682540096182, 53.98250493588543 ] } },
{ "type": "Feature", "properties": { "OBJECTID": 1854361385, "ReferenceNumber": "251007-000536", "ProductID": "Street Lighting", "CategoryId": "Hanging lantern or sign", "Date_Created": "2025-10-07T20:22:40Z", "Ward": "Huntington and New Earswick", "Easting": 460811.37988932, "Northing": 454295.95506284997 }, "geometry": { "type": "Point", "coordinates": [ -1.074215343940154, 53.981169885162004 ] } },
{ "type": "Feature", "properties": { "OBJECTID": 1854361386, "ReferenceNumber": "251007-000540", "ProductID": "Street Lighting", "CategoryId": "Hanging lantern or sign", "Date_Created": "2025-10-07T20:22:43Z", "Ward": "Acomb", "Easting": 456955.40294534003, "Northing": 452086.95636110002 }, "geometry": { "type": "Point", "coordinates": [ -1.133417072401574, 53.961756757896957 ] } },
{ "type": "Feature", "properties": { "OBJECTID": 1854361387, "ReferenceNumber": "251007-000541", "ProductID": "Street Lighting", "CategoryId": "Hanging lantern or sign", "Date_Created": "2025-10-07T20:22:44Z", "Ward": "Hull Road", "Easting": 462132.40416625998, "Northing": 451705.00369033997 }, "geometry": { "type": "Point", "coordinates": [ -1.054601335969027, 53.957730004655161 ] } },
{ "type": "Feature", "properties": { "OBJECTID": 1854361388, "ReferenceNumber": "251007-000548", "ProductID": "Street Lighting", "CategoryId": "Hanging lantern or sign", "Date_Created": "2025-10-07T20:22:49Z", "Ward": "Huntington and New Earswick", "Easting": 460877.37525367999, "Northing": 455102.93546861003 }, "geometry": { "type": "Point", "coordinates": [ -1.073048257577629, 53.988413881325556 ] } },
{ "type": "Feature", "properties": { "OBJECTID": 1854361401, "ReferenceNumber": "251007-000554", "ProductID": "Street Lighting", "CategoryId": "Hanging lantern or sign", "Date_Created": "2025-10-07T20:22:53Z", "Ward": "Westfield", "Easting": 457090.42841920001, "Northing": 450504.97523633001 }, "geometry": { "type": "Point", "coordinates": [ -1.131654344193279, 53.94752530176428 ] } },
{ "type": "Feature", "properties": { "OBJECTID": 1854361402, "ReferenceNumber": "251007-000555", "ProductID": "Street Lighting", "CategoryId": "Hanging lantern or sign", "Date_Created": "2025-10-07T20:22:54Z", "Ward": "Westfield", "Easting": 457119.42906267999, "Northing": 450476.97581059003 }, "geometry": { "type": "Point", "coordinates": [ -1.131217755957976, 53.947270491306661 ] } },
{ "type": "Feature", "properties": { "OBJECTID": 1854361403, "ReferenceNumber": "251007-000557", "ProductID": "Street Lighting", "CategoryId": "Hanging lantern or sign", "Date_Created": "2025-10-07T20:22:56Z", "Ward": "Westfield", "Easting": 457177.43147270998, "Northing": 450383.97738905001 }, "geometry": { "type": "Point", "coordinates": [ -1.130351479619041, 53.946428365167058 ] } },
{ "type": "Feature", "properties": { "OBJECTID": 1854361404, "ReferenceNumber": "251007-000564", "ProductID": "Street Lighting", "CategoryId": "Hanging lantern or sign", "Date_Created": "2025-10-07T20:23:01Z", "Ward": "Huntington and New Earswick", "Easting": 460875.96230691997, "Northing": 456428.37173195003 }, "geometry": { "type": "Point", "coordinates": [ -1.072805325538066, 54.000324758882279 ] } },
{ "type": "Feature", "properties": { "OBJECTID": 1854361405, "ReferenceNumber": "251007-000565", "ProductID": "Street Lighting", "CategoryId": "Hanging lantern or sign", "Date_Created": "2025-10-07T20:23:02Z", "Ward": "Huntington and New Earswick", "Easting": 460946.37222408003, "Northing": 456053.91118886002 }, "geometry": { "type": "Point", "coordinates": [ -1.071806181522989, 53.99695147508681 ] } },
{ "type": "Feature", "properties": { "OBJECTID": 1854361416, "ReferenceNumber": "251007-000550", "ProductID": "Street Lighting", "CategoryId": "Hanging lantern or sign", "Date_Created": "2025-10-07T20:22:51Z", "Ward": "Hull Road", "Easting": 462019.30103516002, "Northing": 451824.38129754999 }, "geometry": { "type": "Point", "coordinates": [ -1.056300592668764, 53.958816316181071 ] } },
{ "type": "Feature", "properties": { "OBJECTID": 1854361417, "ReferenceNumber": "251007-000551", "ProductID": "Street Lighting", "CategoryId": "Hanging lantern or sign", "Date_Created": "2025-10-07T20:22:51Z", "Ward": "Huntington and New Earswick", "Easting": 460923.37293771002, "Northing": 455573.92373385001 }, "geometry": { "type": "Point", "coordinates": [ -1.072252827789584, 53.992640892960956 ] } },
{ "type": "Feature", "properties": { "OBJECTID": 1854361418, "ReferenceNumber": "251007-000558", "ProductID": "Street Lighting", "CategoryId": "Hanging lantern or sign", "Date_Created": "2025-10-07T20:22:56Z", "Ward": "Westfield", "Easting": 457201.43207490002, "Northing": 450361.97784521 }, "geometry": { "type": "Point", "coordinates": [ -1.12998996157279, 53.946228018849517 ] } },
{ "type": "Feature", "properties": { "OBJECTID": 1854361419, "ReferenceNumber": "251007-000560", "ProductID": "Street Lighting", "CategoryId": "Hanging lantern or sign", "Date_Created": "2025-10-07T20:22:58Z", "Ward": "Westfield", "Easting": 457239.43340672, "Northing": 450309.97876594 }, "geometry": { "type": "Point", "coordinates": [ -1.129420764077396, 53.945756535036963 ] } },
{ "type": "Feature", "properties": { "OBJECTID": 1854361420, "ReferenceNumber": "251007-000561", "ProductID": "Street Lighting", "CategoryId": "Hanging lantern or sign", "Date_Created": "2025-10-07T20:22:59Z", "Ward": "Guildhall", "Easting": 460281.38929198001, "Northing": 452080.98488757998 }, "geometry": { "type": "Point", "coordinates": [ -1.082732747115785, 53.961327190040898 ] } },
{ "type": "Feature", "properties": { "OBJECTID": 1854361437, "ReferenceNumber": "251007-000568", "ProductID": "Street Lighting", "CategoryId": "Hanging lantern or sign", "Date_Created": "2025-10-07T20:23:04Z", "Ward": "Huntington and New Earswick", "Easting": 460927.37766622001, "Northing": 454721.94473772001 }, "geometry": { "type": "Point", "coordinates": [ -1.072361803940169, 53.98498431361444 ] } },
{ "type": "Feature", "properties": { "OBJECTID": 1854361438, "ReferenceNumber": "251007-000570", "ProductID": "Street Lighting", "CategoryId": "Hanging lantern or sign", "Date_Created": "2025-10-07T20:23:06Z", "Ward": "Huntington and New Earswick", "Easting": 460877.37503633997, "Northing": 455139.93453839002 }, "geometry": { "type": "Point", "coordinates": [ -1.073040883612929, 53.988746364213512 ] } },
{ "type": "Feature", "properties": { "OBJECTID": 1854361439, "ReferenceNumber": "251007-000571", "ProductID": "Street Lighting", "CategoryId": "Hanging lantern or sign", "Date_Created": "2025-10-07T20:23:07Z", "Ward": "Rawcliffe and Clifton Without", "Easting": 460788.38092160999, "Northing": 454115.95917312999 }, "geometry": { "type": "Point", "coordinates": [ -1.074601821198464, 53.979555087546252 ] } },
{ "type": "Feature", "properties": { "OBJECTID": 1854361440, "ReferenceNumber": "251007-000574", "ProductID": "Street Lighting", "CategoryId": "Hanging lantern or sign", "Date_Created": "2025-10-07T20:23:09Z", "Ward": "Heworth", "Easting": 460706.38293637999, "Northing": 453697.96838620002 }, "geometry": { "type": "Point", "coordinates": [ -1.07593501734675, 53.975808508970118 ] } },
{ "type": "Feature", "properties": { "OBJECTID": 1854361447, "ReferenceNumber": "251007-000572", "ProductID": "Street Lighting", "CategoryId": "Hanging lantern or sign", "Date_Created": "2025-10-07T20:23:08Z", "Ward": "Heworth", "Easting": 460764.38153615, "Northing": 453986.96210300998 }, "geometry": { "type": "Point", "coordinates": [ -1.074993374205425, 53.978398696246472 ] } },
{ "type": "Feature", "properties": { "OBJECTID": 1854361448, "ReferenceNumber": "251007-000576", "ProductID": "Street Lighting", "CategoryId": "Hanging lantern or sign", "Date_Created": "2025-10-07T20:23:11Z", "Ward": "Heworth", "Easting": 460722.38255535997, "Northing": 453782.96659103001 }, "geometry": { "type": "Point", "coordinates": [ -1.075674215439681, 53.97657045438109 ] } },
{ "type": "Feature", "properties": { "OBJECTID": 1854361449, "ReferenceNumber": "251007-000582", "ProductID": "Street Lighting", "CategoryId": "Hanging lantern or sign", "Date_Created": "2025-10-07T20:23:15Z", "Ward": "Huntington and New Earswick", "Easting": 460916.37301182002, "Northing": 455528.92477391002 }, "geometry": { "type": "Point", "coordinates": [ -1.072368564407751, 53.992237345067565 ] } },
{ "type": "Feature", "properties": { "OBJECTID": 1854361450, "ReferenceNumber": "251007-000586", "ProductID": "Street Lighting", "CategoryId": "Hanging lantern or sign", "Date_Created": "2025-10-07T20:23:18Z", "Ward": "Huntington and New Earswick", "Easting": 460900.37310892, "Northing": 455484.92601106002 }, "geometry": { "type": "Point", "coordinates": [ -1.072621350675206, 53.991843843207015 ] } },
{ "type": "Feature", "properties": { "OBJECTID": 1854361451, "ReferenceNumber": "251007-000590", "ProductID": "Street Lighting", "CategoryId": "Hanging lantern or sign", "Date_Created": "2025-10-07T20:23:21Z", "Ward": "Heworth", "Easting": 461015.38375375001, "Northing": 453904.96384372999 }, "geometry": { "type": "Point", "coordinates": [ -1.071183128687241, 53.977632326597671 ] } },
{ "type": "Feature", "properties": { "OBJECTID": 1854361452, "ReferenceNumber": "251007-000553", "ProductID": "Street Lighting", "CategoryId": "Hanging lantern or sign", "Date_Created": "2025-10-07T20:22:53Z", "Ward": "Westfield", "Easting": 457076.42751473002, "Northing": 450538.97471525002 }, "geometry": { "type": "Point", "coordinates": [ -1.131861308164266, 53.947832381535619 ] } },
{ "type": "Feature", "properties": { "OBJECTID": 1854361453, "ReferenceNumber": "251007-000563", "ProductID": "Street Lighting", "CategoryId": "Hanging lantern or sign", "Date_Created": "2025-10-07T20:23:00Z", "Ward": "Huntington and New Earswick", "Easting": 460851.37351229001, "Northing": 456629.89694598003 }, "geometry": { "type": "Point", "coordinates": [ -1.073140146679975, 54.002138607228147 ] } },
{ "type": "Feature", "properties": { "OBJECTID": 1854361454, "ReferenceNumber": "251007-000573", "ProductID": "Street Lighting", "CategoryId": "Hanging lantern or sign", "Date_Created": "2025-10-07T20:23:08Z", "Ward": "Heworth", "Easting": 460769.38137398002, "Northing": 454019.96125603002 }, "geometry": { "type": "Point", "coordinates": [ -1.074910583530738, 53.978694650624007 ] } },
{ "type": "Feature", "properties": { "OBJECTID": 1854361455, "ReferenceNumber": "251007-000583", "ProductID": "Street Lighting", "CategoryId": "Hanging lantern or sign", "Date_Created": "2025-10-07T20:23:16Z", "Ward": "Huntington and New Earswick", "Easting": 460887.37233354, "Northing": 456308.90477839002 }, "geometry": { "type": "Point", "coordinates": [ -1.072655140685565, 53.999249856986928 ] } },
{ "type": "Feature", "properties": { "OBJECTID": 1854361456, "ReferenceNumber": "251007-000594", "ProductID": "Street Lighting", "CategoryId": "Hanging lantern or sign", "Date_Created": "2025-10-07T20:23:24Z", "Ward": "Hull Road", "Easting": 461831.40692485002, "Northing": 451501.00307629001 }, "geometry": { "type": "Point", "coordinates": [ -1.059229052071363, 53.95593274081763 ] } },
{ "type": "Feature", "properties": { "OBJECTID": 1854361462, "ReferenceNumber": "251007-000591", "ProductID": "Street Lighting", "CategoryId": "Hanging lantern or sign", "Date_Created": "2025-10-07T20:23:22Z", "Ward": "Guildhall", "Easting": 460122.38827967999, "Northing": 452098.98347962002 }, "geometry": { "type": "Point", "coordinates": [ -1.085152255403749, 53.961507391345968 ] } },
{ "type": "Feature", "properties": { "OBJECTID": 1854361463, "ReferenceNumber": "251007-000598", "ProductID": "Street Lighting", "CategoryId": "Hanging lantern or sign", "Date_Created": "2025-10-07T20:23:27Z", "Ward": "Heworth", "Easting": 462281.40189374, "Northing": 452000.00084240001 }, "geometry": { "type": "Point", "coordinates": [ -1.052270883379827, 53.96036308307832 ] } },
{ "type": "Feature", "properties": { "OBJECTID": 1854361464, "ReferenceNumber": "251007-000600", "ProductID": "Street Lighting", "CategoryId": "Hanging lantern or sign", "Date_Created": "2025-10-07T20:23:29Z", "Ward": "Huntington and New Earswick", "Easting": 460918.37231002998, "Northing": 456139.90901422 }, "geometry": { "type": "Point", "coordinates": [ -1.072216059567185, 53.997727569825074 ] } },
{ "type": "Feature", "properties": { "OBJECTID": 1854361465, "ReferenceNumber": "251007-000603", "ProductID": "Street Lighting", "CategoryId": "Hanging lantern or sign", "Date_Created": "2025-10-07T20:23:31Z", "Ward": "Osbaldwick and Derwent", "Easting": 463734.61802202999, "Northing": 451302.42191805999 }, "geometry": { "type": "Point", "coordinates": [ -1.030271177637608, 53.953917843655631 ] } },
{ "type": "Feature", "properties": { "OBJECTID": 1854361466, "ReferenceNumber": "251007-000604", "ProductID": "Street Lighting", "CategoryId": "Hanging lantern or sign", "Date_Created": "2025-10-07T20:23:32Z", "Ward": "Huntington and New Earswick", "Easting": 460869.37467733002, "Northing": 455198.93317333999 }, "geometry": { "type": "Point", "coordinates": [ -1.0731511163744, 53.98927748298631 ] } },
{ "type": "Feature", "properties": { "OBJECTID": 1854361471, "ReferenceNumber": "251007-000575", "ProductID": "Street Lighting", "CategoryId": "Hanging lantern or sign", "Date_Created": "2025-10-07T20:23:10Z", "Ward": "Heworth", "Easting": 460711.38282674999, "Northing": 453722.96792993002 }, "geometry": { "type": "Point", "coordinates": [ -1.075853828383932, 53.976032576437831 ] } },
{ "type": "Feature", "properties": { "OBJECTID": 1854361476, "ReferenceNumber": "251007-000608", "ProductID": "Street Lighting", "CategoryId": "Hanging lantern or sign", "Date_Created": "2025-10-07T20:23:35Z", "Ward": "Huntington and New Earswick", "Easting": 460793.38067476999, "Northing": 454162.95810362999 }, "geometry": { "type": "Point", "coordinates": [ -1.074516240347747, 53.97997684711558 ] } },
{ "type": "Feature", "properties": { "OBJECTID": 1854361477, "ReferenceNumber": "251007-000610", "ProductID": "Street Lighting", "CategoryId": "Hanging lantern or sign", "Date_Created": "2025-10-07T20:23:36Z", "Ward": "Huntington and New Earswick", "Easting": 460898.37795133999, "Northing": 454655.94656095997 }, "geometry": { "type": "Point", "coordinates": [ -1.072817147321478, 53.984394648716666 ] } },
{ "type": "Feature", "properties": { "OBJECTID": 1854361478, "ReferenceNumber": "251007-000617", "ProductID": "Street Lighting", "CategoryId": "Hanging lantern or sign", "Date_Created": "2025-10-07T20:23:41Z", "Ward": "Hull Road", "Easting": 463727.54892839002, "Northing": 451236.58279217 }, "geometry": { "type": "Point", "coordinates": [ -1.030392592993816, 53.953327060963446 ] } },
{ "type": "Feature", "properties": { "OBJECTID": 1854361481, "ReferenceNumber": "251007-000567", "ProductID": "Street Lighting", "CategoryId": "Hanging lantern or sign", "Date_Created": "2025-10-07T20:23:03Z", "Ward": "Huntington and New Earswick", "Easting": 460939.37753280997, "Northing": 454750.94398193998 }, "geometry": { "type": "Point", "coordinates": [ -1.072173046191317, 53.985243496823252 ] } },
{ "type": "Feature", "properties": { "OBJECTID": 1854361482, "ReferenceNumber": "251007-000579", "ProductID": "Street Lighting", "CategoryId": "Hanging lantern or sign", "Date_Created": "2025-10-07T20:23:13Z", "Ward": "Huntington and New Earswick", "Easting": 460940.37277974002, "Northing": 455712.92002174997 }, "geometry": { "type": "Point", "coordinates": [ -1.071965806403478, 53.99388794815281 ] } },
{ "type": "Feature", "properties": { "OBJECTID": 1854361483, "ReferenceNumber": "251007-000589", "ProductID": "Street Lighting", "CategoryId": "Hanging lantern or sign", "Date_Created": "2025-10-07T20:23:21Z", "Ward": "Heworth", "Easting": 461201.38588209002, "Northing": 453791.96654959 }, "geometry": { "type": "Point", "coordinates": [ -1.0683701484298, 53.976594956282725 ] } },
{ "type": "Feature", "properties": { "OBJECTID": 1854361484, "ReferenceNumber": "251007-000593", "ProductID": "Street Lighting", "CategoryId": "Hanging lantern or sign", "Date_Created": "2025-10-07T20:23:24Z", "Ward": "Hull Road", "Easting": 463715.41897537, "Northing": 451224.02288988 }, "geometry": { "type": "Point", "coordinates": [ -1.030580018836015, 53.953215683287759 ] } },
{ "type": "Feature", "properties": { "OBJECTID": 1854361485, "ReferenceNumber": "251007-000601", "ProductID": "Street Lighting", "CategoryId": "Hanging lantern or sign", "Date_Created": "2025-10-07T20:23:29Z", "Ward": "Huntington and New Earswick", "Easting": 460877.37802584999, "Northing": 454628.9471856 }, "geometry": { "type": "Point", "coordinates": [ -1.073142728736553, 53.9841544944059 ] } },
{ "type": "Feature", "properties": { "OBJECTID": 1854361486, "ReferenceNumber": "251007-000595", "ProductID": "Street Lighting", "CategoryId": "Hanging lantern or sign", "Date_Created": "2025-10-07T20:23:25Z", "Ward": "Huntington and New Earswick", "Easting": 460899.37407472997, "Northing": 455323.92996172002 }, "geometry": { "type": "Point", "coordinates": [ -1.072668708584248, 53.990397208659502 ] } },
{ "type": "Feature", "properties": { "OBJECTID": 1854361487, "ReferenceNumber": "251007-000597", "ProductID": "Street Lighting", "CategoryId": "Hanging lantern or sign", "Date_Created": "2025-10-07T20:23:27Z", "Ward": "Hull Road", "Easting": 462306.98280255002, "Northing": 451879.74311545002 }, "geometry": { "type": "Point", "coordinates": [ -1.051905568490481, 53.959279334291885 ] } },
{ "type": "Feature", "properties": { "OBJECTID": 1854361488, "ReferenceNumber": "251007-000599", "ProductID": "Street Lighting", "CategoryId": "Hanging lantern or sign", "Date_Created": "2025-10-07T20:23:28Z", "Ward": "Westfield", "Easting": 457134.42994911002, "Northing": 450443.97632565 }, "geometry": { "type": "Point", "coordinates": [ -1.13099538043204, 53.946972286912441 ] } },
{ "type": "Feature", "properties": { "OBJECTID": 1854361489, "ReferenceNumber": "251007-000607", "ProductID": "Street Lighting", "CategoryId": "Hanging lantern or sign", "Date_Created": "2025-10-07T20:23:34Z", "Ward": "Huntington and New Earswick", "Easting": 460929.37284163001, "Northing": 455687.92067288997 }, "geometry": { "type": "Point", "coordinates": [ -1.072138559464909, 53.993664593119846 ] } },
{ "type": "Feature", "properties": { "OBJECTID": 1854361490, "ReferenceNumber": "251007-000612", "ProductID": "Street Lighting", "CategoryId": "Hanging lantern or sign", "Date_Created": "2025-10-07T20:23:37Z", "Ward": "Rural West", "Easting": 457458.88924610999, "Northing": 454808.33875697001 }, "geometry": { "type": "Point", "coordinates": [ -1.125232323594102, 53.98615712035901 ] } },
{ "type": "Feature", "properties": { "OBJECTID": 1854361491, "ReferenceNumber": "251007-000577", "ProductID": "Street Lighting", "CategoryId": "Hanging lantern or sign", "Date_Created": "2025-10-07T20:23:11Z", "Ward": "Heworth", "Easting": 460744.38230586, "Northing": 453849.96499176999 }, "geometry": { "type": "Point", "coordinates": [ -1.075325513279452, 53.977169943563936 ] } },
{ "type": "Feature", "properties": { "OBJECTID": 1854361492, "ReferenceNumber": "251007-000578", "ProductID": "Street Lighting", "CategoryId": "Hanging lantern or sign", "Date_Created": "2025-10-07T20:23:12Z", "Ward": "Huntington and New Earswick", "Easting": 460908.37281943997, "Northing": 455657.92147275998 }, "geometry": { "type": "Point", "coordinates": [ -1.072464816643151, 53.993397484352677 ] } },
{ "type": "Feature", "properties": { "OBJECTID": 1854361493, "ReferenceNumber": "251007-000580", "ProductID": "Street Lighting", "CategoryId": "Hanging lantern or sign", "Date_Created": "2025-10-07T20:23:14Z", "Ward": "Huntington and New Earswick", "Easting": 460895.37297665997, "Northing": 455628.92232787999 }, "geometry": { "type": "Point", "coordinates": [ -1.072668861879426, 53.993138419715628 ] } },
{ "type": "Feature", "properties": { "OBJECTID": 1854361494, "ReferenceNumber": "251007-000581", "ProductID": "Street Lighting", "CategoryId": "Hanging lantern or sign", "Date_Created": "2025-10-07T20:23:14Z", "Ward": "Huntington and New Earswick", "Easting": 460902.37303769001, "Northing": 455581.92348411999 }, "geometry": { "type": "Point", "coordinates": [ -1.07257148950968, 53.992715252672191 ] } },
{ "type": "Feature", "properties": { "OBJECTID": 1854361495, "ReferenceNumber": "251007-000584", "ProductID": "Street Lighting", "CategoryId": "Hanging lantern or sign", "Date_Created": "2025-10-07T20:23:17Z", "Ward": "Rawcliffe and Clifton Without", "Easting": 460774.38104364998, "Northing": 454081.95995221997 }, "geometry": { "type": "Point", "coordinates": [ -1.074822026064211, 53.97925120337225 ] } },
{ "type": "Feature", "properties": { "OBJECTID": 1854361496, "ReferenceNumber": "251007-000605", "ProductID": "Street Lighting", "CategoryId": "Hanging lantern or sign", "Date_Created": "2025-10-07T20:23:33Z", "Ward": "Huntington and New Earswick", "Easting": 460914.37220436998, "Northing": 456215.90712723002 }, "geometry": { "type": "Point", "coordinates": [ -1.072261891390608, 53.998410978691041 ] } },
{ "type": "Feature", "properties": { "OBJECTID": 1854361497, "ReferenceNumber": "251007-000609", "ProductID": "Street Lighting", "CategoryId": "Hanging lantern or sign", "Date_Created": "2025-10-07T20:23:35Z", "Ward": "Guildhall", "Easting": 461078.40670589998, "Northing": 451386.99799072999 }, "geometry": { "type": "Point", "coordinates": [ -1.070725355390252, 53.954997455834111 ] } },
{ "type": "Feature", "properties": { "OBJECTID": 1854361498, "ReferenceNumber": "251007-000613", "ProductID": "Street Lighting", "CategoryId": "Hanging lantern or sign", "Date_Created": "2025-10-07T20:23:38Z", "Ward": "Huntington and New Earswick", "Easting": 460893.23457301001, "Northing": 455222.55242496001 }, "geometry": { "type": "Point", "coordinates": [ -1.072782558139438, 53.989486925152427 ] } },
{ "type": "Feature", "properties": { "OBJECTID": 1854361499, "ReferenceNumber": "251007-000614", "ProductID": "Street Lighting", "CategoryId": "Hanging lantern or sign", "Date_Created": "2025-10-07T20:23:39Z", "Ward": "Rawcliffe and Clifton Without", "Easting": 459409.84277580999, "Northing": 453740.12346449 }, "geometry": { "type": "Point", "coordinates": [ -1.095691965961, 53.976337611800183 ] } },
{ "type": "Feature", "properties": { "OBJECTID": 1854361500, "ReferenceNumber": "251007-000615", "ProductID": "Street Lighting", "CategoryId": "Hanging lantern or sign", "Date_Created": "2025-10-07T20:23:40Z", "Ward": "Rawcliffe and Clifton Without", "Easting": 459410.40282970999, "Northing": 453758.85318129999 }, "geometry": { "type": "Point", "coordinates": [ -1.095679784148056, 53.976505860712997 ] } },
{ "type": "Feature", "properties": { "OBJECTID": 1854361502, "ReferenceNumber": "251007-000313", "ProductID": "Street Lighting", "CategoryId": "Unlit", "Date_Created": "2025-10-07T19:02:49Z", "Ward": "Guildhall", "Easting": 460985.9878, "Northing": 451847.9957 }, "geometry": { "type": "Point", "coordinates": [ -1.072041740309077, 53.959151061789605 ] } },
{ "type": "Feature", "properties": { "OBJECTID": 1854361510, "ReferenceNumber": "251007-000616", "ProductID": "Street Lighting", "CategoryId": "Hanging lantern or sign", "Date_Created": "2025-10-07T20:23:40Z", "Ward": "Guildhall", "Easting": 460858.36186531, "Northing": 452085.55915485998 }, "geometry": { "type": "Point", "coordinates": [ -1.073939269430188, 53.961300910410152 ] } },
{ "type": "Feature", "properties": { "OBJECTID": 1854361512, "ReferenceNumber": "251007-000629", "ProductID": "Street Lighting", "CategoryId": "Fallen Down", "Date_Created": "2025-10-07T22:32:18Z", "Ward": "Guildhall", "Easting": 460309.987, "Northing": 453573.9958 }, "geometry": { "type": "Point", "coordinates": [ -1.082002343252447, 53.974740745386271 ] } },
{ "type": "Feature", "properties": { "OBJECTID": 1854361513, "ReferenceNumber": "251007-000585", "ProductID": "Street Lighting", "CategoryId": "Hanging lantern or sign", "Date_Created": "2025-10-07T20:23:18Z", "Ward": "Huntington and New Earswick", "Easting": 460807.38039090001, "Northing": 454223.95670485997 }, "geometry": { "type": "Point", "coordinates": [ -1.074290656965292, 53.980523355429625 ] } },
{ "type": "Feature", "properties": { "OBJECTID": 1854361514, "ReferenceNumber": "251007-000587", "ProductID": "Street Lighting", "CategoryId": "Hanging lantern or sign", "Date_Created": "2025-10-07T20:23:19Z", "Ward": "Huntington and New Earswick", "Easting": 460967.84260038001, "Northing": 455777.06825164001 }, "geometry": { "type": "Point", "coordinates": [ -1.071534046753794, 53.994461165898564 ] } },
{ "type": "Feature", "properties": { "OBJECTID": 1854361515, "ReferenceNumber": "251007-000588", "ProductID": "Street Lighting", "CategoryId": "Hanging lantern or sign", "Date_Created": "2025-10-07T20:23:20Z", "Ward": "Heworth", "Easting": 461190.38561609999, "Northing": 453806.96628653997 }, "geometry": { "type": "Point", "coordinates": [ -1.068534840391086, 53.976731048338245 ] } },
{ "type": "Feature", "properties": { "OBJECTID": 1854361516, "ReferenceNumber": "251007-000592", "ProductID": "Street Lighting", "CategoryId": "Hanging lantern or sign", "Date_Created": "2025-10-07T20:23:23Z", "Ward": "Hull Road", "Easting": 462770.41509625001, "Northing": 451287.01290291001 }, "geometry": { "type": "Point", "coordinates": [ -1.044965197577016, 53.953896948208254 ] } },
{ "type": "Feature", "properties": { "OBJECTID": 1854361532, "ReferenceNumber": "251007-000596", "ProductID": "Street Lighting", "CategoryId": "Hanging lantern or sign", "Date_Created": "2025-10-07T20:23:26Z", "Ward": "Huntington and New Earswick", "Easting": 460976.37254274997, "Northing": 455794.91778443998 }, "geometry": { "type": "Point", "coordinates": [ -1.071400388475037, 53.994620561118701 ] } },
{ "type": "Feature", "properties": { "OBJECTID": 1854361536, "ReferenceNumber": "251007-000602", "ProductID": "Street Lighting", "CategoryId": "Hanging lantern or sign", "Date_Created": "2025-10-07T20:23:30Z", "Ward": "Heworth", "Easting": 461696.38658269, "Northing": 453996.96092928998 }, "geometry": { "type": "Point", "coordinates": [ -1.060782629590423, 53.978378355448278 ] } },
{ "type": "Feature", "properties": { "OBJECTID": 1854361537, "ReferenceNumber": "251007-000606", "ProductID": "Street Lighting", "CategoryId": "Hanging lantern or sign", "Date_Created": "2025-10-07T20:23:33Z", "Ward": "Hull Road", "Easting": 461935.40062187001, "Northing": 451813.00071450998 }, "geometry": { "type": "Point", "coordinates": [ -1.057581387825159, 53.958724072016089 ] } },
{ "type": "Feature", "properties": { "OBJECTID": 1854361538, "ReferenceNumber": "251007-000611", "ProductID": "Street Lighting", "CategoryId": "Hanging lantern or sign", "Date_Created": "2025-10-07T20:23:37Z", "Ward": "Rawcliffe and Clifton Without", "Easting": 457494.39873751998, "Northing": 454813.14897471003 }, "geometry": { "type": "Point", "coordinates": [ -1.124689962502028, 53.986196408602616 ] } },
{ "type": "Feature", "properties": { "OBJECTID": 1854361542, "ReferenceNumber": "251007-000627", "ProductID": "Street Lighting", "CategoryId": "Unlit", "Date_Created": "2025-10-07T22:30:15Z", "Ward": "Rural West", "Easting": 458575.59089683002, "Northing": 455499.00050834997 }, "geometry": { "type": "Point", "coordinates": [ -1.108072075862753, 53.99223862502388 ] } },
{ "type": "Feature", "properties": { "OBJECTID": 1854361543, "ReferenceNumber": "251007-000628", "ProductID": "Street Lighting", "CategoryId": "Unlit", "Date_Created": "2025-10-07T22:31:25Z", "Ward": "Rawcliffe and Clifton Without", "Easting": 459704.9879, "Northing": 455974.9966 }, "geometry": { "type": "Point", "coordinates": [ -1.090755262338963, 53.996387034791574 ] } },
{ "type": "Feature", "properties": { "OBJECTID": 1854361547, "ReferenceNumber": "251007-000320", "ProductID": "Street Lighting", "CategoryId": "Unlit", "Date_Created": "2025-10-07T19:26:18Z", "Ward": "Heworth", "Easting": 462237.9878, "Northing": 452343.996 }, "geometry": { "type": "Point", "coordinates": [ -1.052862430407925, 53.963459552344681 ] } },
{ "type": "Feature", "properties": { "OBJECTID": 1854361653, "ReferenceNumber": "251008-000143", "ProductID": "Street Lighting", "CategoryId": "Unlit", "Date_Created": "2025-10-08T12:46:25Z", "Ward": "Fishergate", "Easting": 460697.78546471999, "Northing": 451155.22887041001 }, "geometry": { "type": "Point", "coordinates": [ -1.076570710742778, 53.95295935054277 ] } },
{ "type": "Feature", "properties": { "OBJECTID": 1854361666, "ReferenceNumber": "251008-000197", "ProductID": "Street Lighting", "CategoryId": "Flickering", "Date_Created": "2025-10-08T14:24:22Z", "Ward": "Guildhall", "Easting": 460733.12652226002, "Northing": 452302.11108659999 }, "geometry": { "type": "Point", "coordinates": [ -1.075804741823206, 53.963261628786086 ] } },
{ "type": "Feature", "properties": { "OBJECTID": 1854361767, "ReferenceNumber": "251008-000281", "ProductID": "Street Lighting", "CategoryId": "Unlit", "Date_Created": "2025-10-08T19:53:41Z", "Ward": "Clifton", "Easting": 459405.05208658002, "Northing": 452945.97390540998 }, "geometry": { "type": "Point", "coordinates": [ -1.095919453095715, 53.969201537083748 ] } },
{ "type": "Feature", "properties": { "OBJECTID": 1854361772, "ReferenceNumber": "251008-000292", "ProductID": "Street Lighting", "CategoryId": "Unlit", "Date_Created": "2025-10-08T22:21:45Z", "Ward": "Micklegate", "Easting": 460120.5672, "Northing": 451136.367 }, "geometry": { "type": "Point", "coordinates": [ -1.085368963713559, 53.952857064969642 ] } },
{ "type": "Feature", "properties": { "OBJECTID": 1854361782, "ReferenceNumber": "251009-000060", "ProductID": "Street Lighting", "CategoryId": "Hit or Leaning", "Date_Created": "2025-10-09T10:00:45Z", "Ward": "Huntington and New Earswick", "Easting": 461788.9874, "Northing": 454494.996 }, "geometry": { "type": "Point", "coordinates": [ -1.059270149365259, 53.982842782863621 ] } },
{ "type": "Feature", "properties": { "OBJECTID": 1854361854, "ReferenceNumber": "251009-000008", "ProductID": "Street Lighting", "CategoryId": "Unlit", "Date_Created": "2025-10-09T07:04:57Z", "Ward": "Guildhall", "Easting": 460949.61750579003, "Northing": 452525.71954090998 }, "geometry": { "type": "Point", "coordinates": [ -1.072460871241641, 53.965245676650703 ] } },
{ "type": "Feature", "properties": { "OBJECTID": 1854361857, "ReferenceNumber": "251009-000010", "ProductID": "Street Lighting", "CategoryId": "Unlit", "Date_Created": "2025-10-09T07:07:52Z", "Ward": "Guildhall", "Easting": 460977.73485260998, "Northing": 452415.72616229998 }, "geometry": { "type": "Point", "coordinates": [ -1.072054283973874, 53.964253920800516 ] } },
{ "type": "Feature", "properties": { "OBJECTID": 1854361858, "ReferenceNumber": "251009-000011", "ProductID": "Street Lighting", "CategoryId": "Unlit", "Date_Created": "2025-10-09T07:09:16Z", "Ward": "Huntington and New Earswick", "Easting": 460965.0474, "Northing": 455866.6162 }, "geometry": { "type": "Point", "coordinates": [ -1.071558780730204, 53.99526619531418 ] } },
{ "type": "Feature", "properties": { "OBJECTID": 1854361865, "ReferenceNumber": "251009-000009", "ProductID": "Street Lighting", "CategoryId": "Unlit", "Date_Created": "2025-10-09T07:06:21Z", "Ward": "Guildhall", "Easting": 461009.65811869001, "Northing": 452459.12816525 }, "geometry": { "type": "Point", "coordinates": [ -1.071559105652477, 53.964640196073759 ] } },
{ "type": "Feature", "properties": { "OBJECTID": 1854361872, "ReferenceNumber": "251009-000037", "ProductID": "Street Lighting", "CategoryId": "Unlit", "Date_Created": "2025-10-09T09:08:47Z", "Ward": "Rural West", "Easting": 457975.9878, "Northing": 448255.9964 }, "geometry": { "type": "Point", "coordinates": [ -1.118588477473513, 53.927216489800564 ] } },
{ "type": "Feature", "properties": { "OBJECTID": 1854361877, "ReferenceNumber": "251009-000035", "ProductID": "Street Lighting", "CategoryId": "Unlit", "Date_Created": "2025-10-09T09:07:00Z", "Ward": "Bishopthorpe", "Easting": 459798.9878, "Northing": 448613.9967 }, "geometry": { "type": "Point", "coordinates": [ -1.090760420907806, 53.930226921826801 ] } },
{ "type": "Feature", "properties": { "OBJECTID": 1854361882, "ReferenceNumber": "251009-000034", "ProductID": "Street Lighting", "CategoryId": "Unlit", "Date_Created": "2025-10-09T09:05:10Z", "Ward": "Copmanthorpe", "Easting": 456633.9878, "Northing": 446954.9959 }, "geometry": { "type": "Point", "coordinates": [ -1.13926290643668, 53.915672927062367 ] } },
{ "type": "Feature", "properties": { "OBJECTID": 1854361883, "ReferenceNumber": "251009-000038", "ProductID": "Street Lighting", "CategoryId": "Unlit", "Date_Created": "2025-10-09T09:09:46Z", "Ward": "Bishopthorpe", "Easting": 458994.9875, "Northing": 447345.9968 }, "geometry": { "type": "Point", "coordinates": [ -1.103247434893997, 53.918923903349729 ] } },
{ "type": "Feature", "properties": { "OBJECTID": 1854361961, "ReferenceNumber": "251009-000275", "ProductID": "Street Lighting", "CategoryId": "Unlit", "Date_Created": "2025-10-09T22:01:12Z", "Ward": "Dringhouses and Woodthorpe", "Easting": 457114.9877, "Northing": 449709.9961 }, "geometry": { "type": "Point", "coordinates": [ -1.131428257529207, 53.940378440155399 ] } },
{ "type": "Feature", "properties": { "OBJECTID": 1854361963, "ReferenceNumber": "251009-000285", "ProductID": "Street Lighting", "CategoryId": "Unlit", "Date_Created": "2025-10-09T22:35:36Z", "Ward": "Hull Road", "Easting": 462899.71691767999, "Northing": 450616.58204365999 }, "geometry": { "type": "Point", "coordinates": [ -1.043132821285957, 53.947856534740701 ] } },
{ "type": "Feature", "properties": { "OBJECTID": 1854361989, "ReferenceNumber": "251009-000281", "ProductID": "Street Lighting", "CategoryId": "Unlit", "Date_Created": "2025-10-09T22:21:06Z", "Ward": "Hull Road", "Easting": 462887.9867, "Northing": 450551.9964 }, "geometry": { "type": "Point", "coordinates": [ -1.043324777616101, 53.947277565079908 ] } },
{ "type": "Feature", "properties": { "OBJECTID": 1854361996, "ReferenceNumber": "251009-000282", "ProductID": "Street Lighting", "CategoryId": "Unlit", "Date_Created": "2025-10-09T22:22:08Z", "Ward": "Hull Road", "Easting": 462965.2968, "Northing": 450572.8666 }, "geometry": { "type": "Point", "coordinates": [ -1.04214276396316, 53.947455735348441 ] } },
{ "type": "Feature", "properties": { "OBJECTID": 1854361997, "ReferenceNumber": "251009-000284", "ProductID": "Street Lighting", "CategoryId": "Unlit", "Date_Created": "2025-10-09T22:30:25Z", "Ward": "Hull Road", "Easting": 462956.9868, "Northing": 450607.9965 }, "geometry": { "type": "Point", "coordinates": [ -1.042262137067505, 53.947772435038473 ] } },
{ "type": "Feature", "properties": { "OBJECTID": 1854362011, "ReferenceNumber": "251009-000278", "ProductID": "Street Lighting", "CategoryId": "Unlit", "Date_Created": "2025-10-09T22:16:36Z", "Ward": "Hull Road", "Easting": 462461.93605369999, "Northing": 451801.95642934 }, "geometry": { "type": "Point", "coordinates": [ -1.049560230326407, 53.958561675183979 ] } },
{ "type": "Feature", "properties": { "OBJECTID": 1854362012, "ReferenceNumber": "251009-000279", "ProductID": "Street Lighting", "CategoryId": "Unlit", "Date_Created": "2025-10-09T22:17:48Z", "Ward": "Hull Road", "Easting": 462513.9884, "Northing": 451734.996 }, "geometry": { "type": "Point", "coordinates": [ -1.04878072753698, 53.957953670290841 ] } },
{ "type": "Feature", "properties": { "OBJECTID": 1854362013, "ReferenceNumber": "251009-000283", "ProductID": "Street Lighting", "CategoryId": "Unlit", "Date_Created": "2025-10-09T22:27:27Z", "Ward": "Hull Road", "Easting": 462834.7567, "Northing": 450623.4965 }, "geometry": { "type": "Point", "coordinates": [ -1.044121006193129, 53.947926543381413 ] } },
{ "type": "Feature", "properties": { "OBJECTID": 1854362015, "ReferenceNumber": "251009-000288", "ProductID": "Street Lighting", "CategoryId": "Unlit", "Date_Created": "2025-10-09T23:05:31Z", "Ward": "Acomb", "Easting": 457802.1878, "Northing": 452621.1959 }, "geometry": { "type": "Point", "coordinates": [ -1.120411824739511, 53.966464046225639 ] } },
{ "type": "Feature", "properties": { "OBJECTID": 1854362037, "ReferenceNumber": "251010-000104", "ProductID": "Street Lighting", "CategoryId": "Unlit", "Date_Created": "2025-10-10T11:14:42Z", "Ward": "Guildhall", "Easting": 460384.1672, "Northing": 451358.8366 }, "geometry": { "type": "Point", "coordinates": [ -1.081308906726053, 53.954825665798559 ] } },
{ "type": "Feature", "properties": { "OBJECTID": 1854362045, "ReferenceNumber": "251010-000058", "ProductID": "Street Lighting", "CategoryId": "Door Off", "Date_Created": "2025-10-10T09:46:25Z", "Ward": "Holgate", "Easting": 458761.9873, "Northing": 452358.9964 }, "geometry": { "type": "Point", "coordinates": [ -1.105833896152967, 53.963999917674677 ] } },
{ "type": "Feature", "properties": { "OBJECTID": 1854362068, "ReferenceNumber": "251010-000109", "ProductID": "Street Lighting", "CategoryId": "Unlit", "Date_Created": "2025-10-10T11:18:18Z", "Ward": "Fishergate", "Easting": 460447.9873, "Northing": 451259.9967 }, "geometry": { "type": "Point", "coordinates": [ -1.08035599128074, 53.953930011008524 ] } },
{ "type": "Feature", "properties": { "OBJECTID": 1854362070, "ReferenceNumber": "251010-000002", "ProductID": "Street Lighting", "CategoryId": "Unlit", "Date_Created": "2025-10-10T06:39:45Z", "Ward": "Rawcliffe and Clifton Without", "Easting": 458867.3974, "Northing": 454986.4567 }, "geometry": { "type": "Point", "coordinates": [ -1.103720899626277, 53.987599610870504 ] } },
{ "type": "Feature", "properties": { "OBJECTID": 1854362075, "ReferenceNumber": "251010-000003", "ProductID": "Street Lighting", "CategoryId": "Unlit", "Date_Created": "2025-10-10T06:40:28Z", "Ward": "Rawcliffe and Clifton Without", "Easting": 458959.9072, "Northing": 454887.3867 }, "geometry": { "type": "Point", "coordinates": [ -1.102329409539482, 53.986698806303046 ] } },
{ "type": "Feature", "properties": { "OBJECTID": 1854362183, "ReferenceNumber": "251010-000246", "ProductID": "Street Lighting", "CategoryId": "Unlit", "Date_Created": "2025-10-10T16:02:30Z", "Ward": "Guildhall", "Easting": 460273.987, "Northing": 451739.9963 }, "geometry": { "type": "Point", "coordinates": [ -1.082912720648465, 53.958263760863453 ] } },
{ "type": "Feature", "properties": { "OBJECTID": 1854362213, "ReferenceNumber": "251010-000191", "ProductID": "Street Lighting", "CategoryId": "Unlit", "Date_Created": "2025-10-10T16:03:38Z", "Ward": "Guildhall", "Easting": 460327.9871, "Northing": 451699.9963 }, "geometry": { "type": "Point", "coordinates": [ -1.082097741986003, 53.957898024028708 ] } },
{ "type": "Feature", "properties": { "OBJECTID": 1854362233, "ReferenceNumber": "251010-000307", "ProductID": "Street Lighting", "CategoryId": "Unlit", "Date_Created": "2025-10-10T21:20:10Z", "Ward": "Strensall", "Easting": 463844.7584, "Northing": 461058.4767 }, "geometry": { "type": "Point", "coordinates": [ -1.026552046547451, 54.041574216730631 ] } },
{ "type": "Feature", "properties": { "OBJECTID": 1854362245, "ReferenceNumber": "251010-000306", "ProductID": "Street Lighting", "CategoryId": "Unlit", "Date_Created": "2025-10-10T20:46:03Z", "Ward": "Guildhall", "Easting": 460638.9871, "Northing": 452704.9957 }, "geometry": { "type": "Point", "coordinates": [ -1.077159518259882, 53.96689315518929 ] } },
{ "type": "Feature", "properties": { "OBJECTID": 1854362252, "ReferenceNumber": "251010-000308", "ProductID": "Street Lighting", "CategoryId": "Unlit", "Date_Created": "2025-10-10T21:22:41Z", "Ward": "Strensall", "Easting": 463717.6581, "Northing": 461282.8368 }, "geometry": { "type": "Point", "coordinates": [ -1.028445642505535, 54.043606046669794 ] } },
{ "type": "Feature", "properties": { "OBJECTID": 1854362279, "ReferenceNumber": "251011-000036", "ProductID": "Street Lighting", "CategoryId": "Too dim or bright", "Date_Created": "2025-10-11T16:46:41Z", "Ward": "Strensall", "Easting": 463133.9922, "Northing": 460026.9968 }, "geometry": { "type": "Point", "coordinates": [ -1.037618091122322, 54.03239235711937 ] } },
{ "type": "Feature", "properties": { "OBJECTID": 1854362288, "ReferenceNumber": "251011-000052", "ProductID": "Street Lighting", "CategoryId": "Unlit", "Date_Created": "2025-10-11T21:40:07Z", "Ward": "Rural West", "Easting": 456738.738, "Northing": 456501.7869 }, "geometry": { "type": "Point", "coordinates": [ -1.135898094642796, 54.001454670726268 ] } },
{ "type": "Feature", "properties": { "OBJECTID": 1854362337, "ReferenceNumber": "251012-000059", "ProductID": "Street Lighting", "CategoryId": "Unlit", "Date_Created": "2025-10-12T19:50:16Z", "Ward": "Huntington and New Earswick", "Easting": 461077.9871, "Northing": 455179.9962 }, "geometry": { "type": "Point", "coordinates": [ -1.069973716294938, 53.989082737713147 ] } },
{ "type": "Feature", "properties": { "OBJECTID": 1854362372, "ReferenceNumber": "251012-000055", "ProductID": "Street Lighting", "CategoryId": "Hanging lantern or sign", "Date_Created": "2025-10-12T18:57:42Z", "Ward": "Heworth", "Easting": 461776.9869, "Northing": 452680.9953 }, "geometry": { "type": "Point", "coordinates": [ -1.059819920655807, 53.966543102116923 ] } },
{ "type": "Feature", "properties": { "OBJECTID": 1854362388, "ReferenceNumber": "251012-000060", "ProductID": "Street Lighting", "CategoryId": "Unlit", "Date_Created": "2025-10-12T19:51:34Z", "Ward": "Hull Road", "Easting": 462848.9869, "Northing": 450955.3967 }, "geometry": { "type": "Point", "coordinates": [ -1.043836121660729, 53.950907404701567 ] } },
{ "type": "Feature", "properties": { "OBJECTID": 1854362492, "ReferenceNumber": "251013-000004", "ProductID": "Street Lighting", "CategoryId": "Too dim or bright", "Date_Created": "2025-10-13T06:16:32Z", "Ward": "Huntington and New Earswick", "Easting": 461815.05784362002, "Northing": 454426.94132843998 }, "geometry": { "type": "Point", "coordinates": [ -1.058886431038345, 53.982228114599074 ] } },
{ "type": "Feature", "properties": { "OBJECTID": 1854362508, "ReferenceNumber": "251013-000089", "ProductID": "Street Lighting", "CategoryId": "Door Off", "Date_Created": "2025-10-13T10:16:21Z", "Ward": "Guildhall", "Easting": 460437.9872, "Northing": 451775.9962 }, "geometry": { "type": "Point", "coordinates": [ -1.080406581123841, 53.958568188297406 ] } },
{ "type": "Feature", "properties": { "OBJECTID": 1854362538, "ReferenceNumber": "251013-000080", "ProductID": "Street Lighting", "CategoryId": "Unlit", "Date_Created": "2025-10-13T10:02:10Z", "Ward": "Heworth", "Easting": 461186.9865, "Northing": 452750.9947 }, "geometry": { "type": "Point", "coordinates": [ -1.068798128871189, 53.967242141242338 ] } },
{ "type": "Feature", "properties": { "OBJECTID": 1854362553, "ReferenceNumber": "251013-000118", "ProductID": "Street Lighting", "CategoryId": "Too dim or bright", "Date_Created": "2025-10-13T11:42:02Z", "Ward": "Rawcliffe and Clifton Without", "Easting": 458064.9877, "Northing": 454901.9966 }, "geometry": { "type": "Point", "coordinates": [ -1.115972627606084, 53.986931203086868 ] } },
{ "type": "Feature", "properties": { "OBJECTID": 1854362582, "ReferenceNumber": "251013-000147", "ProductID": "Street Lighting", "CategoryId": "Unlit", "Date_Created": "2025-10-13T12:32:58Z", "Ward": "Rural West", "Easting": 456583.8676, "Northing": 453208.0563 }, "geometry": { "type": "Point", "coordinates": [ -1.138871493580894, 53.971872297622092 ] } },
{ "type": "Feature", "properties": { "OBJECTID": 1854362587, "ReferenceNumber": "251013-000023", "ProductID": "Street Lighting", "CategoryId": "Wires exposed", "Date_Created": "2025-10-13T10:55:04Z", "Ward": "Heworth", "Easting": 462065.9874, "Northing": 452914.996 }, "geometry": { "type": "Point", "coordinates": [ -1.055367746560878, 53.968611367337914 ] } },
{ "type": "Feature", "properties": { "OBJECTID": 1854362593, "ReferenceNumber": "251013-000136", "ProductID": "Street Lighting", "CategoryId": "Too dim or bright", "Date_Created": "2025-10-13T13:13:19Z", "Ward": "Huntington and New Earswick", "Easting": 460614.9874, "Northing": 454830.9964 }, "geometry": { "type": "Point", "coordinates": [ -1.077103407372328, 53.986000951119131 ] } },
{ "type": "Feature", "properties": { "OBJECTID": 1854362656, "ReferenceNumber": "251013-000326", "ProductID": "Street Lighting", "CategoryId": "Unlit", "Date_Created": "2025-10-13T21:00:11Z", "Ward": "Rawcliffe and Clifton Without", "Easting": 457814.6778, "Northing": 454889.2466 }, "geometry": { "type": "Point", "coordinates": [ -1.119791872186752, 53.986844623122821 ] } },
{ "type": "Feature", "properties": { "OBJECTID": 1854362657, "ReferenceNumber": "251013-000327", "ProductID": "Street Lighting", "CategoryId": "Unlit", "Date_Created": "2025-10-13T21:01:21Z", "Ward": "Rawcliffe and Clifton Without", "Easting": 457919.75522250001, "Northing": 454972.00302817998 }, "geometry": { "type": "Point", "coordinates": [ -1.118173893796993, 53.987576575826367 ] } },
{ "type": "Feature", "properties": { "OBJECTID": 1854362661, "ReferenceNumber": "251013-000307", "ProductID": "Street Lighting", "CategoryId": "Unlit", "Date_Created": "2025-10-13T18:27:49Z", "Ward": "Heworth", "Easting": 461948.9871, "Northing": 452670.9955 }, "geometry": { "type": "Point", "coordinates": [ -1.057200492366825, 53.966432707093055 ] } },
{ "type": "Feature", "properties": { "OBJECTID": 1854362665, "ReferenceNumber": "251013-000325", "ProductID": "Street Lighting", "CategoryId": "Unlit", "Date_Created": "2025-10-13T20:59:21Z", "Ward": "Rawcliffe and Clifton Without", "Easting": 457939.31235278002, "Northing": 454980.96049243002 }, "geometry": { "type": "Point", "coordinates": [ -1.117873971195838, 53.987654884506668 ] } },
{ "type": "Feature", "properties": { "OBJECTID": 1854362668, "ReferenceNumber": "251013-000331", "ProductID": "Street Lighting", "CategoryId": "Wires exposed", "Date_Created": "2025-10-13T22:40:09Z", "Ward": "Rural West", "Easting": 455757.3073, "Northing": 453428.0467 }, "geometry": { "type": "Point", "coordinates": [ -1.151430598531456, 53.973938802857866 ] } },
{ "type": "Feature", "properties": { "OBJECTID": 1854362684, "ReferenceNumber": "251014-000157", "ProductID": "Street Lighting", "CategoryId": "Unlit", "Date_Created": "2025-10-14T12:02:56Z", "Ward": "Clifton", "Easting": 459741.917, "Northing": 452967.3365 }, "geometry": { "type": "Point", "coordinates": [ -1.090780732386928, 53.969354807984885 ] } },
{ "type": "Feature", "properties": { "OBJECTID": 1854362840, "ReferenceNumber": "251014-000340", "ProductID": "Street Lighting", "CategoryId": "Fallen Down", "Date_Created": "2025-10-14T18:56:33Z", "Ward": "Hull Road", "Easting": 461844.9877, "Northing": 451319.9961 }, "geometry": { "type": "Point", "coordinates": [ -1.059058664373036, 53.95430451708333 ] } },
{ "type": "Feature", "properties": { "OBJECTID": 1854362842, "ReferenceNumber": "251014-000346", "ProductID": "Street Lighting", "CategoryId": "Unlit", "Date_Created": "2025-10-14T19:58:58Z", "Ward": "Guildhall", "Easting": 460748.97030654002, "Northing": 451861.07569339999 }, "geometry": { "type": "Point", "coordinates": [ -1.07565089059433, 53.959296421349372 ] } },
{ "type": "Feature", "properties": { "OBJECTID": 1854362857, "ReferenceNumber": "251014-000351", "ProductID": "Street Lighting", "CategoryId": "Unlit", "Date_Created": "2025-10-14T21:54:11Z", "Ward": "Rawcliffe and Clifton Without", "Easting": 458937.47245260997, "Northing": 454903.03055343998 }, "geometry": { "type": "Point", "coordinates": [ -1.102668476343403, 53.986841941875717 ] } },
{ "type": "Feature", "properties": { "OBJECTID": 1854362858, "ReferenceNumber": "251014-000354", "ProductID": "Street Lighting", "CategoryId": "Too dim or bright", "Date_Created": "2025-10-14T22:27:34Z", "Ward": "Micklegate", "Easting": 460018.1371, "Northing": 451342.1868 }, "geometry": { "type": "Point", "coordinates": [ -1.086889288648532, 53.954718522237982 ] } },
{ "type": "Feature", "properties": { "OBJECTID": 1854362878, "ReferenceNumber": "251014-000360", "ProductID": "Street Lighting", "CategoryId": "Unlit", "Date_Created": "2025-10-14T23:24:10Z", "Ward": "Haxby and Wigginton", "Easting": 460435.9881, "Northing": 458047.9957 }, "geometry": { "type": "Point", "coordinates": [ -1.07919505671693, 54.01493070829104 ] } },
{ "type": "Feature", "properties": { "OBJECTID": 1854362880, "ReferenceNumber": "251014-000006", "ProductID": "Street Lighting", "CategoryId": "Unlit", "Date_Created": "2025-10-14T07:05:23Z", "Ward": "Holgate", "Easting": 459205.9878, "Northing": 451596.9964 }, "geometry": { "type": "Point", "coordinates": [ -1.099214608663846, 53.957101698178924 ] } },
{ "type": "Feature", "properties": { "OBJECTID": 1854362881, "ReferenceNumber": "251014-000012", "ProductID": "Street Lighting", "CategoryId": "Hanging lantern or sign", "Date_Created": "2025-10-14T07:49:36Z", "Ward": "Heworth", "Easting": 461317.76928656001, "Northing": 452337.01562732999 }, "geometry": { "type": "Point", "coordinates": [ -1.066887875823154, 53.96350649121726 ] } },
{ "type": "Feature", "properties": { "OBJECTID": 1854362945, "ReferenceNumber": "251014-000092", "ProductID": "Street Lighting", "CategoryId": "Unlit", "Date_Created": "2025-10-14T10:29:18Z", "Ward": "Clifton", "Easting": 459438.987, "Northing": 452774.9966 }, "geometry": { "type": "Point", "coordinates": [ -1.095435474009759, 53.967661158079466 ] } },
{ "type": "Feature", "properties": { "OBJECTID": 1854362961, "ReferenceNumber": "251014-000100", "ProductID": "Street Lighting", "CategoryId": "Unlit", "Date_Created": "2025-10-14T10:37:56Z", "Ward": "Strensall", "Easting": 463266.01776140003, "Northing": 460067.00869480998 }, "geometry": { "type": "Point", "coordinates": [ -1.035594440991993, 54.032735781736683 ] } },
{ "type": "Feature", "properties": { "OBJECTID": 1854362978, "ReferenceNumber": "251015-000014", "ProductID": "Street Lighting", "CategoryId": "Unlit", "Date_Created": "2025-10-15T08:19:08Z", "Ward": "Fishergate", "Easting": 460350.09407768998, "Northing": 450243.99768820999 }, "geometry": { "type": "Point", "coordinates": [ -1.082047548790023, 53.94481115917651 ] } },
{ "type": "Feature", "properties": { "OBJECTID": 1854362984, "ReferenceNumber": "251015-000039", "ProductID": "Street Lighting", "CategoryId": "Unlit", "Date_Created": "2025-10-15T08:59:02Z", "Ward": "Rawcliffe and Clifton Without", "Easting": 457645.4878, "Northing": 454824.1564 }, "geometry": { "type": "Point", "coordinates": [ -1.122384051499612, 53.986278540618642 ] } },
{ "type": "Feature", "properties": { "OBJECTID": 1854362988, "ReferenceNumber": "251015-000028", "ProductID": "Street Lighting", "CategoryId": "Unlit", "Date_Created": "2025-10-15T08:40:39Z", "Ward": "Huntington and New Earswick", "Easting": 460980.9872, "Northing": 455083.9962 }, "geometry": { "type": "Point", "coordinates": [ -1.071472065380664, 53.988231492644864 ] } },
{ "type": "Feature", "properties": { "OBJECTID": 1854362996, "ReferenceNumber": "251015-000037", "ProductID": "Street Lighting", "CategoryId": "Unlit", "Date_Created": "2025-10-15T08:57:59Z", "Ward": "Rawcliffe and Clifton Without", "Easting": 457715.8678, "Northing": 454835.1965 }, "geometry": { "type": "Point", "coordinates": [ -1.121308795022248, 53.986369918056802 ] } },
{ "type": "Feature", "properties": { "OBJECTID": 1854363075, "ReferenceNumber": "251015-000147", "ProductID": "Street Lighting", "CategoryId": "Hit or Leaning", "Date_Created": "2025-10-15T11:52:07Z", "Ward": "Dringhouses and Woodthorpe", "Easting": 458559.9873, "Northing": 449374.9965 }, "geometry": { "type": "Point", "coordinates": [ -1.109482506195708, 53.937206930103642 ] } },
{ "type": "Feature", "properties": { "OBJECTID": 1854363093, "ReferenceNumber": "251015-000186", "ProductID": "Street Lighting", "CategoryId": "Too dim or bright", "Date_Created": "2025-10-15T13:42:41Z", "Ward": "Huntington and New Earswick", "Easting": 460847.2475, "Northing": 455931.3261 }, "geometry": { "type": "Point", "coordinates": [ -1.073342486514197, 53.995861558642844 ] } },
{ "type": "Feature", "properties": { "OBJECTID": 1854363101, "ReferenceNumber": "251015-000164", "ProductID": "Street Lighting", "CategoryId": "Wires exposed", "Date_Created": "2025-10-15T12:34:08Z", "Ward": "Heworth", "Easting": 462084.9873, "Northing": 452860.9959 }, "geometry": { "type": "Point", "coordinates": [ -1.05508912478532, 53.968123831204153 ] } },
{ "type": "Feature", "properties": { "OBJECTID": 1854363106, "ReferenceNumber": "251015-000209", "ProductID": "Street Lighting", "CategoryId": "Unlit", "Date_Created": "2025-10-15T14:24:41Z", "Ward": "Hull Road", "Easting": 462588.9885, "Northing": 451796.9959 }, "geometry": { "type": "Point", "coordinates": [ -1.047625213671123, 53.958501777915913 ] } },
{ "type": "Feature", "properties": { "OBJECTID": 1854363125, "ReferenceNumber": "251015-000208", "ProductID": "Street Lighting", "CategoryId": "Unlit", "Date_Created": "2025-10-15T14:23:43Z", "Ward": "Hull Road", "Easting": 462543.9885, "Northing": 451761.9959 }, "geometry": { "type": "Point", "coordinates": [ -1.048318075390401, 53.958192684216307 ] } },
{ "type": "Feature", "properties": { "OBJECTID": 1854363190, "ReferenceNumber": "251015-000297", "ProductID": "Street Lighting", "CategoryId": "Too dim or bright", "Date_Created": "2025-10-15T20:56:49Z", "Ward": "Guildhall", "Easting": 460564.9873, "Northing": 451743.9961 }, "geometry": { "type": "Point", "coordinates": [ -1.078477664622865, 53.958265806110042 ] } },
{ "type": "Feature", "properties": { "OBJECTID": 1854363213, "ReferenceNumber": "251015-000300", "ProductID": "Street Lighting", "CategoryId": "Missing parts", "Date_Created": "2025-10-15T22:01:29Z", "Ward": "Huntington and New Earswick", "Easting": 460847.20383118, "Northing": 455931.34744958999 }, "geometry": { "type": "Point", "coordinates": [ -1.073343148760829, 53.995861755188187 ] } },
{ "type": "Feature", "properties": { "OBJECTID": 1854363231, "ReferenceNumber": "251016-000050", "ProductID": "Street Lighting", "CategoryId": "Unlit", "Date_Created": "2025-10-16T10:02:44Z", "Ward": "Rawcliffe and Clifton Without", "Easting": 458422.3266, "Northing": 453824.5167 }, "geometry": { "type": "Point", "coordinates": [ -1.110730134605205, 53.97720825675232 ] } },
{ "type": "Feature", "properties": { "OBJECTID": 1854363242, "ReferenceNumber": "251016-000076", "ProductID": "Street Lighting", "CategoryId": "Unlit", "Date_Created": "2025-10-16T10:58:38Z", "Ward": "Fishergate", "Easting": 460946.9876, "Northing": 449809.9962 }, "geometry": { "type": "Point", "coordinates": [ -1.073041290591493, 53.940841256615428 ] } },
{ "type": "Feature", "properties": { "OBJECTID": 1854363246, "ReferenceNumber": "251016-000054", "ProductID": "Street Lighting", "CategoryId": "Unlit", "Date_Created": "2025-10-16T10:04:40Z", "Ward": "Rawcliffe and Clifton Without", "Easting": 458498.1065, "Northing": 453829.3368 }, "geometry": { "type": "Point", "coordinates": [ -1.109573957098831, 53.977243026386802 ] } },
{ "type": "Feature", "properties": { "OBJECTID": 1854363248, "ReferenceNumber": "251016-000057", "ProductID": "Street Lighting", "CategoryId": "Unlit", "Date_Created": "2025-10-16T10:11:23Z", "Ward": "Haxby and Wigginton", "Easting": 460325.9881, "Northing": 458112.9956 }, "geometry": { "type": "Point", "coordinates": [ -1.080860610385145, 54.015527657320206 ] } },
{ "type": "Feature", "properties": { "OBJECTID": 1854363263, "ReferenceNumber": "251016-000071", "ProductID": "Street Lighting", "CategoryId": "Unlit", "Date_Created": "2025-10-16T10:37:39Z", "Ward": "Westfield", "Easting": 457190.08045424998, "Northing": 451112.92994870001 }, "geometry": { "type": "Point", "coordinates": [ -1.130022746246583, 53.952977767603606 ] } },
{ "type": "Feature", "properties": { "OBJECTID": 1854363270, "ReferenceNumber": "251016-000044", "ProductID": "Street Lighting", "CategoryId": "Unlit", "Date_Created": "2025-10-16T09:55:22Z", "Ward": "Rawcliffe and Clifton Without", "Easting": 458229.83277669002, "Northing": 453817.98305036 }, "geometry": { "type": "Point", "coordinates": [ -1.113665923963301, 53.977171201369053 ] } },
{ "type": "Feature", "properties": { "OBJECTID": 1854363320, "ReferenceNumber": "251016-000142", "ProductID": "Street Lighting", "CategoryId": "Unlit", "Date_Created": "2025-10-16T13:09:06Z", "Ward": "Holgate", "Easting": 457861.77285643999, "Northing": 451593.56541603 }, "geometry": { "type": "Point", "coordinates": [ -1.119697984190752, 53.957222549479837 ] } },
{ "type": "Feature", "properties": { "OBJECTID": 1854363346, "ReferenceNumber": "251016-000205", "ProductID": "Street Lighting", "CategoryId": "Flickering", "Date_Created": "2025-10-16T14:22:51Z", "Ward": "Guildhall", "Easting": 460913.42720345, "Northing": 452036.63847737003 }, "geometry": { "type": "Point", "coordinates": [ -1.073109867268898, 53.960854821346985 ] } },
{ "type": "Feature", "properties": { "OBJECTID": 1854363406, "ReferenceNumber": "251016-000254", "ProductID": "Street Lighting", "CategoryId": "Unlit", "Date_Created": "2025-10-16T16:28:13Z", "Ward": "Guildhall", "Easting": 459970.9873, "Northing": 452344.9965 }, "geometry": { "type": "Point", "coordinates": [ -1.087411271968389, 53.963735714264487 ] } },
{ "type": "Feature", "properties": { "OBJECTID": 1854363433, "ReferenceNumber": "251016-000267", "ProductID": "Street Lighting", "CategoryId": "Unlit", "Date_Created": "2025-10-16T17:15:37Z", "Ward": "Dringhouses and Woodthorpe", "Easting": 457440.97875821998, "Northing": 449071.12416099 }, "geometry": { "type": "Point", "coordinates": [ -1.126582458528519, 53.934601178407455 ] } },
{ "type": "Feature", "properties": { "OBJECTID": 1854363453, "ReferenceNumber": "251016-000303", "ProductID": "Street Lighting", "CategoryId": "Unlit", "Date_Created": "2025-10-16T22:52:44Z", "Ward": "Huntington and New Earswick", "Easting": 460871.9876, "Northing": 456131.996 }, "geometry": { "type": "Point", "coordinates": [ -1.072925110925463, 53.997661920020107 ] } },
{ "type": "Feature", "properties": { "OBJECTID": 1854363466, "ReferenceNumber": "251016-000283", "ProductID": "Street Lighting", "CategoryId": "Unlit", "Date_Created": "2025-10-16T19:05:09Z", "Ward": "Fulford & Heslington", "Easting": 461233.91280744999, "Northing": 448554.16125065001 }, "geometry": { "type": "Point", "coordinates": [ -1.068921868439714, 53.929521915608923 ] } },
{ "type": "Feature", "properties": { "OBJECTID": 1854363468, "ReferenceNumber": "251016-000289", "ProductID": "Street Lighting", "CategoryId": "Unlit", "Date_Created": "2025-10-16T19:29:36Z", "Ward": "Rawcliffe and Clifton Without", "Easting": 457787.0778, "Northing": 454893.6165 }, "geometry": { "type": "Point", "coordinates": [ -1.12021189942586, 53.98688697203071 ] } },
{ "type": "Feature", "properties": { "OBJECTID": 1854363472, "ReferenceNumber": "251017-000024", "ProductID": "Street Lighting", "CategoryId": "Fallen Down", "Date_Created": "2025-10-17T09:08:13Z", "Ward": "Rural West", "Easting": 457312.1077, "Northing": 456577.5666 }, "geometry": { "type": "Point", "coordinates": [ -1.127137806645623, 54.002072477872012 ] } },
{ "type": "Feature", "properties": { "OBJECTID": 1854363533, "ReferenceNumber": "251017-000091", "ProductID": "Street Lighting", "CategoryId": "Flickering", "Date_Created": "2025-10-17T11:32:27Z", "Ward": "Clifton", "Easting": 459440.9869, "Northing": 452850.9966 }, "geometry": { "type": "Point", "coordinates": [ -1.095390207103173, 53.968343903992711 ] } },
{ "type": "Feature", "properties": { "OBJECTID": 1854363669, "ReferenceNumber": "251017-000257", "ProductID": "Street Lighting", "CategoryId": "Unlit", "Date_Created": "2025-10-17T22:17:08Z", "Ward": "Haxby and Wigginton", "Easting": 459841.1878, "Northing": 458474.6957 }, "geometry": { "type": "Point", "coordinates": [ -1.088186989851372, 54.018834326927525 ] } },
{ "type": "Feature", "properties": { "OBJECTID": 1854363670, "ReferenceNumber": "251017-000258", "ProductID": "Street Lighting", "CategoryId": "Unlit", "Date_Created": "2025-10-17T22:18:35Z", "Ward": "Heworth", "Easting": 460987.8578, "Northing": 453852.706 }, "geometry": { "type": "Point", "coordinates": [ -1.071613198382382, 53.9771659644179 ] } },
{ "type": "Feature", "properties": { "OBJECTID": 1854363683, "ReferenceNumber": "251017-000248", "ProductID": "Street Lighting", "CategoryId": "Unlit", "Date_Created": "2025-10-17T20:27:52Z", "Ward": "Rawcliffe and Clifton Without", "Easting": 458744.9878, "Northing": 455239.9967 }, "geometry": { "type": "Point", "coordinates": [ -1.105538630000529, 53.989891921581076 ] } },
{ "type": "Feature", "properties": { "OBJECTID": 1854363684, "ReferenceNumber": "251017-000256", "ProductID": "Street Lighting", "CategoryId": "Unlit", "Date_Created": "2025-10-17T22:15:17Z", "Ward": "Rawcliffe and Clifton Without", "Easting": 457604.90035403002, "Northing": 454872.64982052002 }, "geometry": { "type": "Point", "coordinates": [ -1.12299377530507, 53.986718840307745 ] } },
{ "type": "Feature", "properties": { "OBJECTID": 1854363685, "ReferenceNumber": "251017-000262", "ProductID": "Street Lighting", "CategoryId": "Unlit", "Date_Created": "2025-10-17T22:21:36Z", "Ward": "Huntington and New Earswick", "Easting": 461150.9371, "Northing": 455006.1961 }, "geometry": { "type": "Point", "coordinates": [ -1.068896099270446, 53.987512313001069 ] } },
{ "type": "Feature", "properties": { "OBJECTID": 1854363693, "ReferenceNumber": "251017-000259", "ProductID": "Street Lighting", "CategoryId": "Unlit", "Date_Created": "2025-10-17T22:19:28Z", "Ward": "Huntington and New Earswick", "Easting": 461136.987, "Northing": 455004.9961 }, "geometry": { "type": "Point", "coordinates": [ -1.069109059655241, 53.987503177167909 ] } },
{ "type": "Feature", "properties": { "OBJECTID": 1854363694, "ReferenceNumber": "251017-000260", "ProductID": "Street Lighting", "CategoryId": "Unlit", "Date_Created": "2025-10-17T22:20:35Z", "Ward": "Huntington and New Earswick", "Easting": 461147.647, "Northing": 455003.6061 }, "geometry": { "type": "Point", "coordinates": [ -1.068946787556334, 53.987489427230479 ] } },
{ "type": "Feature", "properties": { "OBJECTID": 1854363695, "ReferenceNumber": "251017-000261", "ProductID": "Street Lighting", "CategoryId": "Unlit", "Date_Created": "2025-10-17T22:21:05Z", "Ward": "Huntington and New Earswick", "Easting": 461147.3471, "Northing": 455007.0261 }, "geometry": { "type": "Point", "coordinates": [ -1.068950675662126, 53.987520195652593 ] } },
{ "type": "Feature", "properties": { "OBJECTID": 1854363711, "ReferenceNumber": "251018-000008", "ProductID": "Street Lighting", "CategoryId": "Unlit", "Date_Created": "2025-10-18T10:46:07Z", "Ward": "Acomb", "Easting": 457794.8877, "Northing": 452602.5959 }, "geometry": { "type": "Point", "coordinates": [ -1.120526598601179, 53.966297710169691 ] } },
{ "type": "Feature", "properties": { "OBJECTID": 1854363757, "ReferenceNumber": "251018-000056", "ProductID": "Street Lighting", "CategoryId": "Unlit", "Date_Created": "2025-10-18T20:50:57Z", "Ward": "Osbaldwick & Derwent", "Easting": 462974.80323928001, "Northing": 452070.09710016003 }, "geometry": { "type": "Point", "coordinates": [ -1.041689931550267, 53.960909227779446 ] } },
{ "type": "Feature", "properties": { "OBJECTID": 1854363774, "ReferenceNumber": "251019-000012", "ProductID": "Street Lighting", "CategoryId": "Flickering", "Date_Created": "2025-10-19T11:34:44Z", "Ward": "Guildhall", "Easting": 460579.9873, "Northing": 451707.9961 }, "geometry": { "type": "Point", "coordinates": [ -1.078256212724167, 53.957940541824492 ] } },
{ "type": "Feature", "properties": { "OBJECTID": 1854363801, "ReferenceNumber": "251019-000034", "ProductID": "Street Lighting", "CategoryId": "Unlit", "Date_Created": "2025-10-19T18:54:25Z", "Ward": "Westfield", "Easting": 456744.53133169003, "Northing": 450316.33612582 }, "geometry": { "type": "Point", "coordinates": [ -1.136958736052717, 53.945868013999466 ] } },
{ "type": "Feature", "properties": { "OBJECTID": 1854363812, "ReferenceNumber": "251020-000000", "ProductID": "Street Lighting", "CategoryId": "Flickering", "Date_Created": "2025-10-20T00:37:50Z", "Ward": "Fishergate", "Easting": 461068.6276, "Northing": 451152.6564 }, "geometry": { "type": "Point", "coordinates": [ -1.070921056610198, 53.95289270906752 ] } },
{ "type": "Feature", "properties": { "OBJECTID": 1854363815, "ReferenceNumber": "251020-000007", "ProductID": "Street Lighting", "CategoryId": "Unlit", "Date_Created": "2025-10-20T06:59:16Z", "Ward": "Haxby and Wigginton", "Easting": 460347.9875, "Northing": 456916.9958 }, "geometry": { "type": "Point", "coordinates": [ -1.080761854744962, 54.004777513232298 ] } },
{ "type": "Feature", "properties": { "OBJECTID": 1854363868, "ReferenceNumber": "251020-000414", "ProductID": "Street Lighting", "CategoryId": "Too dim or bright", "Date_Created": "2025-10-20T21:53:24Z", "Ward": "Haxby and Wigginton", "Easting": 460934.789, "Northing": 458237.2962 }, "geometry": { "type": "Point", "coordinates": [ -1.071546289313854, 54.016573282151136 ] } },
{ "type": "Feature", "properties": { "OBJECTID": 1854363887, "ReferenceNumber": "251020-000416", "ProductID": "Street Lighting", "CategoryId": "Flickering", "Date_Created": "2025-10-20T22:32:24Z", "Ward": "Huntington and New Earswick", "Easting": 460672.98115146998, "Northing": 455317.01469296002 }, "geometry": { "type": "Point", "coordinates": [ -1.076122507545471, 53.990361651789044 ] } },
{ "type": "Feature", "properties": { "OBJECTID": 1854363915, "ReferenceNumber": "251020-000137", "ProductID": "Street Lighting", "CategoryId": "Hanging lantern or sign", "Date_Created": "2025-10-20T11:59:41Z", "Ward": "Strensall", "Easting": 463717.6581, "Northing": 461282.8368 }, "geometry": { "type": "Point", "coordinates": [ -1.028445642505535, 54.043606046669794 ] } },
{ "type": "Feature", "properties": { "OBJECTID": 1854363988, "ReferenceNumber": "251020-000216", "ProductID": "Street Lighting", "CategoryId": "Fallen Down", "Date_Created": "2025-10-20T13:56:30Z", "Ward": "Strensall", "Easting": 463717.6581, "Northing": 461282.8368 }, "geometry": { "type": "Point", "coordinates": [ -1.028445642505535, 54.043606046669794 ] } },
{ "type": "Feature", "properties": { "OBJECTID": 1854364062, "ReferenceNumber": "251020-000306", "ProductID": "Street Lighting", "CategoryId": "Unlit", "Date_Created": "2025-10-20T15:23:49Z", "Ward": "Osbaldwick and Derwent", "Easting": 463299.5479, "Northing": 451596.3658 }, "geometry": { "type": "Point", "coordinates": [ -1.036839219295047, 53.956612591060001 ] } },
{ "type": "Feature", "properties": { "OBJECTID": 1854364129, "ReferenceNumber": "251020-000405", "ProductID": "Street Lighting", "CategoryId": "Unlit", "Date_Created": "2025-10-20T20:15:53Z", "Ward": "Guildhall", "Easting": 460776.79929578002, "Northing": 451874.90688195999 }, "geometry": { "type": "Point", "coordinates": [ -1.075224073496843, 53.959417454637737 ] } }
]
}
